id,nombre,descripcion,precio_venta
PR0000001,amaretto,xotczkmifmslhjzbmrxb,39
PR0000002,asiago cheese,nmjsfjxdpdndaasucckp,28
PR0000003,pineapples,obctrjeqfapblswtmrqt,45
PR0000004,won ton skins,bgalaowpsykbaindakku,30
PR0000005,clams,lnysmecdpqyvloppjoys,41
PR0000006,passion fruit,ihmcbxcfeubmhsxdjtty,46
PR0000007,red cabbage,nveqxiaybvurlgllxofb,29
PR0000008,bean threads,hpjdpiseyewfhqodmxvr,49
PR0000009,sweet chili sauce,lbbfydkvowgosjnbkbkw,40
PR0000010,scallops,gnxvhpxlotugufdkojgs,23
PR0000011,pumpkin seeds,pyxbgatzrnbxyuymczvy,13
PR0000012,flour,wsifkgjsiiwrmjtsdzhr,37
PR0000013,tea,bsyvhxnnejadhkwujlwf,15
PR0000014,soymilk,ajleciarkcksywxoigmt,36
PR0000015,hoisin sauce,ubydcyjlhtbcfkfpyjad,19
PR0000016,blue cheese,nfqmsebzxgpqrkjprjzp,40
PR0000017,sunflower seeds,gqkhowxpapxsrihzrdbq,41
PR0000018,barley sugar,jnkqotdfczaoeeweigtg,27
PR0000019,bard,lpgafjjckuxiujjettrb,46
PR0000020,mayonnaise,pnlsfkpzsysqajknyaps,17
PR0000021,tomato puree,gdnajzbopwkwkzhoedng,34
PR0000022,paprika,wntvsjkcbsynzouxtjbl,26
PR0000023,arugula,wclewcupkjcthbucwlyz,10
PR0000024,allspice,qpkoemwkkrudqaheeryb,31
PR0000025,lima beans,gbyoqssdjyrxvsiwjicn,25
PR0000026,poultry seasoning,rdudxehnrfqtmkqwmxjf,32
PR0000027,graham crackers,qviklfdrjjjvlpzgdhnh,47
PR0000028,split peas,pmkrqlvhgdaammigftvk,27
PR0000029,baguette,wuqoeqrxicygprbumkmm,21
PR0000030,hot sauce,suyjvxxocojesdwftvoz,38
PR0000031,gelatin,efqdpbwsitzirvyhylie,26
PR0000032,cumin,zjyfulwlldlcfkvwoezi,28
PR0000033,pork,pkvbpdongftponezldgd,36
PR0000034,curry leaves,wtwvfmtmkxycmrsbkssp,39
PR0000035,kumquats,hkhgusdslgkpgruqsmqx,19
PR0000036,peaches,uqjbwvoakevpoucrcjmb,39
PR0000037,canola oil,uatkbvycethnswcayynm,47
PR0000038,cremini mushrooms,uqmgboeidbpwolyqzsop,11
PR0000039,dumpling,rtwnwutrvbzilfnpbcte,14
PR0000040,anchovies,qleuipfvwopkzgqlmvfr,40
PR0000041,garlic powder,scxpsxgetjmimrrltuyv,32
PR0000042,parsnips,kwlgbzyihzqgmbeuuyko,46
PR0000043,hash browns,ufactpvhneanpylfmgka,26
PR0000044,vanilla bean,rxndchcahtoctqbzcsnp,27
PR0000045,green onions,vvapqzjrmyayyjjiflvv,45
PR0000046,guavas,gkbnvhwtunozedtgfspw,21
PR0000047,pumpkins,uvdvmehaxdkelmhozgmo,25
PR0000048,dates,zfjhbkmovhmiwngyhqey,47
PR0000049,salmon,ecvulgslgbympsghycql,16
PR0000050,raisins,jgfzgwnkootlkgwfdvgc,44
PR0000051,cream of tartar,usndvjkziosdjcmssdmg,30
PR0000052,pears,kusuzizhqnaavsnostpl,24
PR0000053,cilantro,bqncujwxpnulfkbsmxcs,20
PR0000054,curry paste,zmvzgucycekpwcsrouph,27
PR0000055,pig's feet,hjbhycbtqxncddhlrmeo,29
PR0000056,Parmesan cheese,parzgrxvukbxlqxysdhf,14
PR0000057,creme fraiche,simzuwbuffjwvhcncktm,17
PR0000058,carrots,pnliihpeldwbxecrwtmh,42
PR0000059,raw sugar,jvuqbpesheztxkvmaslc,18
PR0000060,baking powder,bxkpwltjnckoqcdnyfog,44
PR0000061,focaccia,oxxjnzipkmbxhzdntreq,12
PR0000062,mustard seeds,saeyjxmyjbnliiddbbbr,22
PR0000063,rhubarb,xffqwcqogolunddcajtg,24
PR0000064,pickles,jhbinluzdhqdpgbkicts,38
PR0000065,cornmeal,rswaaenbehuiauaxxymo,28
PR0000066,oregano,zubdjgbylqzitrnsscit,47
PR0000067,cheddar cheese,xrwjrrnqxygfyrbjtwsk,17
PR0000068,sazon,dxvwmsaxcnkaueqwtshb,21
PR0000069,balsamic vinegar,uzyiijdxbigdqzcptaiq,48
PR0000070,tomato juice,hsrwtjeandvwiyzujwoj,22
PR0000071,onions,ptxddpwxbbortxlsqhab,16
PR0000072,ricotta cheese,kjpbbvawlxwevrlyhgih,38
PR0000073,catfish,tkoyghuagybsqlnpoepk,26
PR0000074,okra,twnekgwjlisqkfartqnp,31
PR0000075,octopus,lrdeuzdqhhbbwikjjogn,24
PR0000076,chaurice sausage,njkxidvuerihjplgxfng,26
PR0000077,venison,uhfhayzjwtmuedgqzzxo,48
PR0000078,broccoli raab,xhomfayuoviqiuubfgbn,28
PR0000079,chickpeas,gdndcrfpfkkoizrzqwav,33
PR0000080,artificial sweetener,iwagnebxwseucwmrasvr,31
PR0000081,margarine,vtagprqajisqiclomdtb,14
PR0000082,papayas,pkomsdvylibggztsvgik,27
PR0000083,green beans,zjovsrwdcxdrfmjahaac,46
PR0000084,wine vinegar,pzsdymutfkqijwumqojf,44
PR0000085,honey,wgwdorpqomhwgovdcvcd,20
PR0000086,capers,adsiajaijyfegblowzuc,15
PR0000087,apple butter,vsrmckaesvxwtawfzwqm,14
PR0000088,almond extract,yirzmduydvnryxztngwy,50
PR0000089,bacon,gagnyzwcrcbxjegaazaa,29
PR0000090,aquavit,zndajphjfwiawiojwhzz,48
PR0000091,sugar,dojrguwbaqzsuboxkrqh,14
PR0000092,chicken,eytzilqvvzffhvjuwapk,12
PR0000093,soy sauce,thicafqhkldrnncevufv,47
PR0000094,avocados,ngbachamztrdlwmtynfx,42
PR0000095,angelica,hixrjmhnkxabjpechuzr,49
PR0000096,rice paper,zplclrddbjmoafnvighp,32
PR0000097,aioli,ekgteqxavrdqqanwodow,19
PR0000098,hazelnuts,bfuyukhdshcmaodhafxw,40
PR0000099,watermelons,nnbwwmlfvwijrwigkpfp,43
PR0000100,buckwheat,wioglswmkftziwhnzlug,19
PR0000101,ginger ale,pfmxmesfurswwjswurth,31
PR0000102,grapes,zagwvckheihfhigbawuj,50
PR0000103,white beans,izofgfdvqglgdqnslboc,12
PR0000104,half-and-half,tgyqkujchaiqemsogrts,44
PR0000105,poppy seeds,sjtdhxhgmnrudxypoawo,33
PR0000106,applesauce,izrmpzssqfpkptbhvnpt,50
PR0000107,monkfish,dvyoegupgrnlugcigins,10
PR0000108,provolone,amofirgxidzzpqassnzd,45
PR0000109,lamb,qiyemzhzegkofqilbytg,29
PR0000110,pink beans,lsxxlpdhjsvnijahnwhp,18
PR0000111,tartar sauce,eimfbbgqhkwiztsnaqnl,44
PR0000112,navy beans,ajatjhmjotwaarunroiu,38
PR0000113,caviar,jqlhbujlkvswdlkarxmg,29
PR0000114,tarragon,cncubpwvmjmirvpdhahe,28
PR0000115,apple pie spice,qvykcurodcphfweftvjr,44
PR0000116,grits,jctvwyxakcckgggspvmi,20
PR0000117,breadfruit,tuoaycmfdoijwsytodrg,23
PR0000118,colby cheese,untichxmbydntwhqyeod,37
PR0000119,croutons,mqfjozfzskkigzirlgzw,47
PR0000120,turtle,tjjxbckmzcalobclusxy,11
PR0000121,remoulade,sluupxnjgelrymhjpwfa,26
PR0000122,Canadian bacon,wxlkdluxbvqbsxfmajdr,35
PR0000123,cottage cheese,bjndlcligysgpvatwkvy,42
PR0000124,corn flour,zmmlueidnxtgbewxweec,48
PR0000125,feta cheese,agbzuaawtutkbvpnfoup,44
PR0000126,corn,pswelebwfstlssihirac,22
PR0000127,basil,sslfknxnvlbtiufdbyqr,15
PR0000128,tomato paste,nhhykmxlifzlozoqvwxp,37
PR0000129,spaghetti squash,qcogydcvsptrtrwbdtwp,48
PR0000130,sherry,cjixigcpvzbjaxdzhaxm,14
PR0000131,quail,akcktkcljygrdsfiyoxq,43
PR0000132,broccoli,epjeuuzgsdsiuchhkmvb,34
PR0000133,cream,bjpfvzvkgdimskgocobl,50
PR0000134,strawberries,mdpoirhsmwaitoprlvra,30
PR0000135,wild rice,egegquuispuwqymimsje,48
PR0000136,limes,dnrvhjipizglfjbvkvbs,14
PR0000137,curry powder,tefsiwztzxaerxkufaok,11
PR0000138,grouper,rlwiksmyktaueakgwmht,23
PR0000139,squash,wxjuzmwmyaxgdedsgkdr,11
PR0000140,chili powder,jlpjkrlncmsokcbhfpkl,38
PR0000141,red snapper,wwaxlidnhpyjfqrequyn,43
PR0000142,cabbage,xztjjladpmlncooclaee,49
PR0000143,condensed milk,gkbzyztmonzmuykyxvcn,49
PR0000144,rice vinegar,kndkaoekfeajfehkcgzh,43
PR0000145,rose water,yatwpujdvrdidnyqappm,17
PR0000146,bouillon,jhtnpayvkclgeduplfoo,19
PR0000147,succotash,phojzjaizuqduqejmyju,22
PR0000148,black olives,sxqgdpjvzyssoyitlrtj,41
PR0000149,rice wine,cjeqxuarfbydgekwstyj,40
PR0000150,summer squash,tagewbphumslsvfezxri,37
PR0000151,mozzarella,vrbbkotbaopvpmolbxub,46
PR0000152,veal,ukvvfavyuybzgjshyfyr,29
PR0000153,kidney beans,pczvcjxbahdjwmffwkvl,26
PR0000154,parsley,kuifthaukiqdczymzobq,11
PR0000155,water chestnuts,fsnahysjbtwqxznyyenk,31
PR0000156,Cappuccino Latte,tchglxqccyvdcirgbfba,37
PR0000157,rum,aohaczypbnhkhwtwzvma,26
PR0000158,olives,ehqgbamlzyitbumvoydt,50
PR0000159,maraschino cherries,mfpvxgruetovrlevijvp,27
PR0000160,pepper,qilxewfuqqwqizpzmrzi,25
PR0000161,geese,ykprpdctefcbcfprgcqp,29
PR0000162,salt,vvfwnrxxgtbvzkkrouxj,31
PR0000163,buttermilk,qomgbeygqzktccjlbrlv,25
PR0000164,chestnuts,svwqgyikjpwpocnarxcb,29
PR0000165,bay leaves,ncfpwgvjueybipkvyvqi,50
PR0000166,horseradish,kmikxqbiwkthbvauyoug,40
PR0000167,almond paste,cranzzqljodubdfdhhne,35
PR0000168,asparagus,fnwdpofwjyxrsceyagwy,24
PR0000169,sauerkraut,femriphnvywmuepkheec,28
PR0000170,chambord,xlzdhhvsfxyxplbaguyv,16
PR0000171,dill,shjfecmjityqjjfiafji,29
PR0000172,salsa,jjbckylvxinmznycqpux,24
PR0000173,cooking wine,gzmygedgebspuqfihrrs,48
PR0000174,romaine lettuce,rmqatvrbopmnpampueac,46
PR0000175,Goji berry,ohsgbscoebmjdgicosyl,36
PR0000176,apricots,hezvcuyhfbsenubfsxow,41
PR0000177,brown rice,awtwoklspaiicafbezpl,41
PR0000178,duck,axvxeqqmmjsrrlnksvrp,12
PR0000179,snapper,hbsqjibbanqswoicldrw,25
PR0000180,yogurt,geigilsvllhnrziyibnt,14
PR0000181,chai,ydpitwazqxvqrjnsnoqx,22
PR0000182,lemon juice,llamxjeuwagsjkbgehbq,28
PR0000183,herring,bqggnskmggsafogocetr,34
PR0000184,prosciutto,tsbkipfivzerxinluxeb,12
PR0000185,mackerel,gsgbksvnuaxduopalayg,43
PR0000186,granola,zrqutcmqhbgxlhaplito,11
PR0000187,vermouth,cfetwjvqcrpwkbryfmlg,39
PR0000188,alligator,tzdiurrufcngigwyrpet,10
PR0000189,sweet peppers,mtbcwnkzbvmbdeuonftr,28
PR0000190,snap peas,eywikymfezptyoisyels,12
PR0000191,pinto beans,wkfepzojoyejpizjdmrg,15
PR0000192,borscht,srtmhertkfepiynepgmb,38
PR0000193,shallots,zbnaxfobdnzasbhcpjvc,26
PR0000194,vegemite,lwnjvhzolqjprjrdfajh,50
PR0000195,thyme,svxohpqmkrqcuhksswnq,23
PR0000196,celery,lzrzmcifjpwuzqgagqfa,39
PR0000197,peanut butter,fjorktvtllpvklbegovu,33
PR0000198,mascarpone,scgfwsmgsotaqgrgsxed,46
PR0000199,breadcrumbs,xyjkpjscyokltnqxohlu,32
PR0000200,cream cheese,ouhzvcptkmzkasyqefht,32
PR0000201,bass,rnwnlycrripiamwywlus,47
PR0000202,cloves,bdbppbitjskzpfwbhdsp,40
PR0000203,zest,arjrtziqjrnzaraxkbgm,46
PR0000204,Havarti cheese,espxiyhasrpspkcldoie,50
PR0000205,berries,czvhliyclvwruhbsboyy,26
PR0000206,pheasants,afxcvobvzwdekhzujdpr,37
PR0000207,Mandarin oranges,prelgahemyjequppzrlw,38
PR0000208,cocoa powder,hoynludjbmwkgtasdvqx,22
PR0000209,cashew nut,sgzctotmzqbhattzwmgt,36
PR0000210,trout,kjewjzuswtxfhkjftsdc,39
PR0000211,mushrooms,chywdswvqgwbhbnkwgip,50
PR0000212,tuna,mbljwvhwqqupuaizlqgu,18
PR0000213,beets,xswcqbestzdjegwrmavx,44
PR0000214,radishes,mppusltpnekevycmubdy,45
PR0000215,ale,bueaczxhfssijzgiogmd,22
PR0000216,chicory,edckmuttvemsixqmajhz,25
PR0000217,oatmeal,vxxkwpajasuuubsjsvep,14
PR0000218,shrimp,zyjilyxzikjhltcbyxtg,33
PR0000219,sausages,juvlpeagtunuhdadjout,49
PR0000220,eggplants,xmtcubscuoalvqhtgbmk,44
PR0000221,bagels,bxyhnwamqbrnutlcluco,41
PR0000222,almonds,bteqdrvywaydgaqkusny,24
PR0000223,barley,eecphhxlnxtngrdocmnn,20
PR0000224,turkeys,qrrtldipvhumnfrqsqha,45
PR0000225,liver,eucxqjlianyujvmdithm,22
PR0000226,almond butter,ewfsvcwdddcipcrdagan,49
PR0000227,swiss cheese,rxdtzxtkynywzlynisnq,28
PR0000228,sweet potatoes,nhbkkronclvyrgfbfvna,39
PR0000229,barbecue sauce,kfnmbsysjskmfdoxbkrl,43
PR0000230,tomatoes,oaxlzybsnotnvyyaafvd,12
PR0000231,tofu,qkafxsmsijkwgzkfadzg,50
PR0000232,sesame seeds,vetkihtbtftqcgihtebb,37
PR0000233,anchovy paste,kflvcjyctgxhazpixuev,45
PR0000234,beef,iyemiqnxrdmtloktrgbh,38
PR0000235,milk,uvdsjwgkqoizztjrcdav,21
PR0000236,peas,gtsgikfaobotidzniskw,23
PR0000237,bok choy,lxgemaqusejmsqhpvfxc,38
PR0000238,flax seed,qzwoxqqhpyajjzudryue,35
PR0000239,nectarines,dsovftiilxjqvxudemsz,34
PR0000240,soybeans,nxclulwsfutvcfxzxxsa,32
PR0000241,cantaloupes,lzmpunmduahdwaqrdrke,38
PR0000242,turnips,lmwwnxerdpjvscsgztmt,22
PR0000243,jack cheese,yxgjxyzhmtvdevzwfydn,14
PR0000244,cauliflower,catkeliciyhweohwygwb,44
PR0000245,chipotle peppers,ceqtnzspjktxxaoqsqyj,50
PR0000246,brandy,wpelyzfnxqjsslgxezkh,28
PR0000247,rosemary,vshbhdsbejglajbmudfz,23
PR0000248,celery seeds,jirvlntgnaiephtzsvoa,13
PR0000249,gouda,hfellioqoiubteuinkuf,33
PR0000250,mustard,kdhxjvgwnjzaecgzulfe,23
PR0000251,onion powder,kmztomzvjxzcqqcwdvlq,42
PR0000252,cucumbers,trkrermbnwepbwgebvpa,28
PR0000253,lemons,dgmpdcoctzbombkrscoq,18
PR0000254,brunoise,fuqewumijwnnjayavqri,16
PR0000255,lobsters,kxmwxijfvtugezleeozm,21
PR0000256,mesclun greens,dwwyqlwooqxffwdeejrl,22
PR0000257,cinnamon,ktftftjyafxhezfzrxjd,17
PR0000258,water,chygtasasbrhoxwcfenb,18
PR0000259,corn syrup,ksdxeziarhlguujmwubx,41
PR0000260,white chocolate,yoyxppdhpteoqpppjlat,36
PR0000261,vanilla,flvsvbumqlndcofocnbu,47
PR0000262,blackberries,cfcypxqboelnxbzaqmye,37
PR0000263,walnuts,oskdjbvqmlyakshfuxfs,28
PR0000264,portabella mushrooms,tsdrdrdqsogrlwmcwscj,27
PR0000265,ketchup,loknsiddydgpzkhawpki,16
PR0000266,unsweetened chocolate,zznwcmojwjxvkkqquzhz,48
PR0000267,flounder,trfulnptvjfokllvhkzq,32
PR0000268,Romano cheese,mceyezuekhuolfyrytpw,20
PR0000269,steak,mlvgeioohnzskfgzkimg,30
PR0000270,marmalade,lvylzkmhkiabqbaltlao,19
PR0000271,cornstarch,isispaaddsqspfidezpm,34
PR0000272,artichokes,kaftumuhlfmcupxbkokq,43
PR0000273,rice,docogflbomhphtvidicz,50
PR0000274,Tabasco sauce,qrxvszgprprhhwtqdebk,39
PR0000275,fish sauce,jsgqzyfsytqnrzsrddpt,48
PR0000276,bananas,rzbooxjeesvqyxbomhph,44
PR0000277,ancho chile peppers,nlyzrkofkytrrsuvklgz,48
PR0000278,olive oil,qbuxrvqejyljzoppjsof,21
PR0000279,pesto,uubnmzaiqrjcxejgjker,36
PR0000280,shitakes,egrfgygihrfssfmjfgdl,43
PR0000281,swordfish,jabpzpgdfbjbctyhmayr,41
PR0000282,bean sauce,asfzhkcecdndcojhdceo,26
PR0000283,broth,mlfxyiudtoevzmfundlt,12
PR0000284,orange peels,ukvgedpalxdrozfhpxyd,33
PR0000285,garlic,xqjzltlnimrjvknibwjh,25
PR0000286,oranges,dydkrrlxdospltaayzmw,36
PR0000287,chives,mifquktjczrjyuaqdbbi,50
PR0000288,beer,dqxatejwrddvwjzenfbo,47
PR0000289,brown sugar,xwzuxxmtulucxbhhlsxq,43
PR0000290,kale,qjdimnnsgpuhaawpkaqy,35
PR0000291,red chile powder,tbrefcjcgctdqvlgroki,17
PR0000292,jicama,uqrgsoorjoiwrpnksrjd,40
PR0000293,cherries,tlfeoxiguvwropuhuhxh,24
PR0000294,pomegranates,leycyincwrcmpltzjpzl,41
PR0000295,brussels sprouts,mfokeiqixsepwdshjzty,34
PR0000296,chocolate,mcyigrymyxgrpxlikerj,25
PR0000297,lettuce,kjqeyldauytiynsniqje,47
PR0000298,figs,dkjhalyqasuklnjskmap,10
PR0000299,cranberries,tghshvbjnyyynaalwgfr,34
PR0000300,corned beef,bxhygxfbjbbjbicebock,42
PR0000301,lemon grass,wnrscyjgoxfehmfastru,46
PR0000302,chile peppers,esxxnbvngqnxmmhfbtri,47
PR0000303,andouille sausage,sufxdrpynkkahmhfuelp,41
PR0000304,panko bread crumbs,tybkfrpguhuuqkxppcoc,35
PR0000305,hamburger,xucqclfibaswrrskwiia,33
PR0000306,sage,ayczviignwlpppqzzypf,39
PR0000307,grapefruits,gcgiwpoowcljsgfzdayq,10
PR0000308,kiwi,iyeofzpeqjbgubbdbfqv,12
PR0000309,baking soda,xgrysqtdeyfwdpejfmel,24
PR0000310,molasses,ebkjqsmbdprxqrqugucl,36
PR0000311,pico de gallo,juwdjmlquxqyohotkbyh,40
PR0000312,plum tomatoes,hdethmoeanzdybnriemj,14
PR0000313,coconut milk,pwpymxlxfgvrcazlobne,46
PR0000314,lentils,idzhpntzeipdcodwncjg,12
PR0000315,pine nuts,ulieowtxosenizdmdmnn,20
PR0000316,chutney,ddfwkprfkxwjibdeaiah,47
PR0000317,Worcestershire sauce,sehzbbdrvjjsjygiqhds,49
PR0000318,chicken liver,tdjipgdvfmrmjwlfkhpy,20
PR0000319,chard,mdzecbdchrvblhmykmqe,22
PR0000320,black beans,kjszvrxblouedjqymntt,37
PR0000321,tonic water,rbqlnvisxopcqvqvkuof,39
PR0000322,halibut,gtdrvjzocqtkcquhijzv,43
PR0000323,coriander,lzojmatmaqozncjxzmys,20
PR0000324,habanero chilies,sazamgkddiukqtaplysd,15
PR0000325,eggs,bzkyxqljqvervseuzusv,45
PR0000326,peanuts,luhfbrcclxxbnuhberuf,48
PR0000327,coconut oil,jrpsissehhgcsjwahvms,15
PR0000328,coffee,cmyovcdoakxakrtifgrt,27
PR0000329,sushi,gejgvkprqfnbsuhduttb,23
PR0000330,Marsala,ewuvkwjsbbzmfjgbzppx,29
PR0000331,sea cucumbers,ckuytftndqfyipruxizj,34
PR0000332,cannellini beans,hfoqkllxhedwslvnownp,23
PR0000333,Irish cream liqueur,svmyapqcveancswgptay,35
PR0000334,red beans,ozsvbquvottjhcztplhx,36
PR0000335,mint,jasvlojbxlidvkbzjsax,19
PR0000336,cod,rjpyesybpjiakpxlssgh,27
PR0000337,snow peas,svflpfudscprjsbeuvwf,20
PR0000338,lemon Peel,eyoxsudhjpyhynppjbha,17
PR0000339,black-eyed peas,epbvtzlsksctyqyxmlxw,42
PR0000340,bruschetta,zjwtilgxdzmzggsznaoe,43
PR0000341,apples,ihqfbkcreljabjkqccvr,20
PR0000342,prunes,ikovwqlowxnggizcjgsm,38
PR0000343,tortillas,fsyjtzjcjkqocccunthr,12
PR0000344,potato chips,pobzvkbjngwcfyucjxje,23
PR0000345,English muffins,zptkchjwrllzotfsgpgm,19
PR0000346,bean sprouts,helyuuihwuowfseajzoh,17
PR0000347,cookies,txfejmyegxxczyrkgoyy,46
PR0000348,coconuts,aoafsaqreqbaotsdwdns,14
PR0000349,spinach,hynwvvzttfbtaeztarzm,43
PR0000350,adobo,gqsyjuxsjlmkugcjpriw,43
PR0000351,plums,xpzfjwvipfeqlyficecz,48
PR0000352,date sugar,omfvrwtqslketqjixnqq,26
PR0000353,cactus,gcpskevudnmixpjforbi,41
PR0000354,wine,wmzxqkbyfuhkrcazivzw,31
PR0000355,gorgonzola,sqftianykgkrsscfjgkp,47
PR0000356,mussels,rvygivkmnnezfzmvvfaj,13
PR0000357,heavy cream,cykmmbvrbblfnzpqltiv,28
PR0000358,blueberries,pfxhfihdwpynsybxjkbk,40
PR0000359,vinegar,kpljjervqbowdsceysmu,42
PR0000360,pasta,yzcfsxzyncwojisymygx,50
PR0000361,ice cream,vljkhtidrephuvmkeaxo,13
PR0000362,alfredo sauce,sapdzthgkwhqnhqrwgra,46
PR0000363,spearmint,gwjxojngghullbpjhfrm,38
PR0000364,sour cream,pwgxxzzesrnfifnnjfvm,42
PR0000365,Kahlua,uwwrbrmgdrsrsknzvjfj,15
PR0000366,squid,cbmmyrdtnectqfgmqrnr,50
PR0000367,bourbon,qqsccjmsarjyvgtlvujv,10
PR0000368,chili sauce,pkycngcrdfomwlhplxeq,33
PR0000369,jelly beans,znlhffgwngpzhzaqzpec,49
PR0000370,melons,nqeybigfjgfvsescuyol,10
PR0000371,zinfandel wine,fkgbijbpqaqensxszmxp,23
PR0000372,tomato sauce,pprwabxiddngbxsgnavq,23
PR0000373,moo shu wrappers,jtxykewdbrhoptxcpgwt,18
PR0000374,ginger,osbgbtugjrlcrcsnqfaj,19
PR0000375,macaroni,upzmdaviaiksqcijlksv,37
PR0000376,couscous,ccltdaiuwiuntodalxmg,41
PR0000377,rabbits,qmztgxtjcaswbfvygoxk,36
PR0000378,red pepper flakes,ibgswxukiswwpdkyfdlk,48
PR0000379,beans,gkrsszorxngweiqkdmrs,30
PR0000380,sardines,ydmbcjtroiyybdldbjrc,36
PR0000381,ham,ezflltbgbwypntmaqalv,29
PR0000382,pistachios,yldwuqgshkgtisajcauw,35
PR0000383,brazil nuts,czunvcayfkflxbjajcbp,18
PR0000384,truffles,zmxvedfcrkabgpgmyktp,39
PR0000385,pea beans,ydujfdkpfwamxntoorxr,40
PR0000386,fennel,nsdeeqnlfvwgxwtjaort,10
PR0000387,haddock,odlweompdtfnwzxluzvv,13
PR0000388,prawns,zfmqhksyxfvrifkfewfr,29
PR0000389,crayfish,tdozdfshvnxwbpppujkc,35
PR0000390,potatoes,btrkdduqhkvbaoncxqmf,21
PR0000391,cider,rrsohcpwokiypkesyvlz,43
PR0000392,plantains,bweauejbuuydkeqrhflr,27
PR0000393,huckleberries,rlmmmwqvbnltdcsheqky,40
PR0000394,cider vinegar,ykwimhxxvoigxaaflybt,43
PR0000395,custard,qmflxmteomcmqzhkkzdq,29
PR0000396,bacon grease,rnaalnyfnijkcefanvsy,12
PR0000397,crabs,kormenpcaslfrxvnqiyl,49
PR0000398,leeks,bouoymfkcreicbmtjmhk,39
PR0000399,pecans,ytrpcmkwadhmbfpcxvkn,33
PR0000400,fennel seeds,sckvuiatirvqdgqfvbol,40
PR0000401,eel,vgcsjvhlcikmdomyqxfj,44
PR0000402,cayenne pepper,wtlomakourenfpqbbkzk,44
PR0000403,french fries,nmuwomvvegeborymuhhu,46
PR0000404,dried leeks,hzopftorsjorhnfewhxi,35
PR0000405,acorn squash,ebylrvkhldzguipnxccz,42
PR0000406,honeydew melons,qrmwrqzlwtfroppausju,14
PR0000407,maple syrup,xxeusdzsmfcagzpdxzjr,16
PR0000408,raspberries,ioaoutzqzwzshzcbnzbf,28
PR0000409,five-spice powder,zofnjeaaekalhvlactfz,41
PR0000410,marshmallows,stqrgnictnxkdjerflmy,45
PR0000411,wasabi,mevilynmzmujayayeowv,38
PR0000412,pancetta,rgxhmjkwelmxxipxceok,32
PR0000413,butter,jqvvsckbtshaoerqybmx,49
PR0000414,powdered sugar,akxqnasvnouyopizfxln,36
