id,nro_documento,tipo_documento,nombres,apellidos,celular,correo,cuenta_colaborador,areatrabajo_id
CL0000001,d7008ad1d,DNI,Jonathan,Willis,11713215,jonathan_willis@example.org,ZMWP49643504232515,PT0000056
CL0000002,c3f2c7801,Passport,Timothy,Gomez,24560840,timothy_gomez@example.org,ZLAO50995122125367,PT0000098
CL0000003,f61a4e1c8,DNI,Adrian,Foster,73938795,adrian_foster@example.org,VKCY69237015589816,PT0000075
CL0000004,e363e1728,DNI,Mark,Price,21179270,mark_price@hotmail.com,HMJA25131535890492,PT0000068
CL0000005,9f4a6685f,DNI,Jeffrey,Gonzalez,00220346,jeffrey_gonzalez@outlook.com,JEGD21972373435097,PT0000003
CL0000006,96eedd9f5,Passport,Patrick,Ramirez,57071509,patrick_ramirez@outlook.com,STGZ65849197600740,PT0000053
CL0000007,ba3481c88,DNI,Joy,Garcia,90641342,joy_garcia@hotmail.com,OSUC22446219408511,PT0000094
CL0000008,1978fd8e2,DNI,Timothy,Garcia,90051765,timothy_garcia@outlook.com,XGWS23355538454355,PT0000095
CL0000009,6e0e67627,DNI,James,Tucker,22456291,james_tucker@outlook.com,MEUT92406317289591,PT0000071
CL0000010,8b215e673,DNI,Jerome,Sloan,34471309,jerome_sloan@outlook.com,EZHA75226893347657,PT0000017
CL0000011,46cd0b95f,DNI,John,Gregory,47018860,john_gregory@gmail.com,UJAQ70396883154738,PT0000015
CL0000012,1ffc278c1,DNI,Jessica,Roberts,52950919,jessica_roberts@hotmail.com,XQNR52085471834797,PT0000027
CL0000013,7e54a2c20,DNI,Andrew,Gray,75091554,andrew_gray@outlook.com,RVNY28349019996856,PT0000043
CL0000014,3ffa90e1e,DNI,David,Barnes,66235125,david_barnes@hotmail.com,PMIO87733980375344,PT0000035
CL0000015,7a16f898a,Passport,Tyler,Vaughn,78795477,tyler_vaughn@outlook.com,QTQV36070183246300,PT0000082
CL0000016,e837b2746,Passport,Amy,Wilson,83894440,amy_wilson@example.org,DGTK34562059238798,PT0000031
CL0000017,d325e5733,Passport,Jennifer,Chavez,66269775,jennifer_chavez@outlook.com,SHLT18210753439924,PT0000001
CL0000018,f80d3e1e0,DNI,Shelby,Dickson,25556956,shelby_dickson@gmail.com,QXFR14054816071861,PT0000020
CL0000019,b116c30ff,Passport,Chase,Ellison,88726862,chase_ellison@outlook.com,LTJK63795037667336,PT0000070
CL0000020,4224a19b0,Passport,Ryan,Hill,01525738,ryan_hill@hotmail.com,GUOS24975773387496,PT0000012
CL0000021,d003c1e67,Passport,Lisa,Mills,83056986,lisa_mills@hotmail.com,KDGC33903330856948,PT0000045
CL0000022,fe07e90bb,DNI,Laura,Torres,95484017,laura_torres@example.org,TQJQ32000127521059,PT0000087
CL0000023,640cef273,DNI,Daniel,Dickson,47727368,daniel_dickson@outlook.com,UBON16151980914658,PT0000085
CL0000024,ac4ffc03c,DNI,Heather,Koch,33982950,heather_koch@example.org,FJUL28315994296258,PT0000094
CL0000025,8dce91a32,DNI,Gina,Bird,56406143,gina_bird@gmail.com,JPLB83953788933513,PT0000081
CL0000026,33a87cb4d,DNI,Katherine,Keller,32037189,katherine_keller@gmail.com,BFIK90016126085212,PT0000016
CL0000027,1dda41764,Passport,Jessica,Fuller,94646204,jessica_fuller@outlook.com,RGZU97285453135835,PT0000071
CL0000028,63bed4bd2,DNI,Kimberly,Higgins,46681459,kimberly_higgins@gmail.com,HQKM27496737721024,PT0000051
CL0000029,41eed43fb,Passport,Allison,Green,62136309,allison_green@example.org,CHJD77357016517490,PT0000073
CL0000030,98d97e119,DNI,Marcus,Lopez,66664411,marcus_lopez@example.org,UXHK31728276833181,PT0000072
CL0000031,4a4ec4d59,Passport,John,Leonard,06657233,john_leonard@example.org,EEXF07596051663488,PT0000071
CL0000032,9ccbca18f,DNI,William,Blair,35241613,william_blair@gmail.com,RCTC43972055807640,PT0000074
CL0000033,4b27ddefd,DNI,Michelle,Costa,87287322,michelle_costa@gmail.com,RVVF35670689098473,PT0000009
CL0000034,973608de5,Passport,Christina,Young,12303844,christina_young@gmail.com,WDVQ92040817318310,PT0000069
CL0000035,964b7ecb4,DNI,Eric,Jones,51622830,eric_jones@hotmail.com,VKOP53310554917092,PT0000094
CL0000036,5a7f89321,Passport,Michael,Davis,25576546,michael_davis@gmail.com,LAJP05653674240765,PT0000004
CL0000037,27dbf2550,DNI,Loretta,Evans,69575583,loretta_evans@example.org,DFYG28293005123465,PT0000041
CL0000038,ef504fa49,Passport,Crystal,Jordan,32219742,crystal_jordan@example.org,MTEG37763201467138,PT0000061
CL0000039,dd5143fe6,Passport,Shirley,Douglas,05260698,shirley_douglas@hotmail.com,XWGR94018202066982,PT0000079
CL0000040,2026517ac,DNI,Madison,Montgomery,05999546,madison_montgomery@example.org,JNVM02949860292565,PT0000007
CL0000041,adef5d7cc,Passport,Stephanie,Davidson,61771750,stephanie_davidson@gmail.com,VZAQ39664534767853,PT0000065
CL0000042,a1ea7c6fe,DNI,Ryan,Smith,67041806,ryan_smith@gmail.com,ZNMN39189832646168,PT0000035
CL0000043,ba94ce2b4,DNI,Corey,Shaw,83597452,corey_shaw@hotmail.com,NNLF46132785405772,PT0000096
CL0000044,ab3a9dd56,Passport,Mark,Wallace,77916427,mark_wallace@example.org,KYON93394271095383,PT0000099
CL0000045,9a15a4524,DNI,Megan,Cruz,41455624,megan_cruz@gmail.com,VWFK46321557272569,PT0000010
CL0000046,0502c3425,DNI,Michelle,White,17409395,michelle_white@gmail.com,BUYX95875442990869,PT0000048
CL0000047,d78b1f835,Passport,Gabriel,Jones,85748869,gabriel_jones@example.org,PKND10188019752751,PT0000063
CL0000048,6bf9848fa,DNI,Rhonda,Jones,73593691,rhonda_jones@hotmail.com,IITB80515915594148,PT0000022
CL0000049,159b9e25b,DNI,Lauren,Williams,21640711,lauren_williams@outlook.com,QVXR57206789130023,PT0000097
CL0000050,669727d50,DNI,Mark,Wise,13635468,mark_wise@example.org,WYBR48673588243851,PT0000043
CL0000051,dec1ba73d,DNI,Thomas,Berry,76041842,thomas_berry@gmail.com,MTPP85231297372982,PT0000062
CL0000052,3cfabb505,Passport,Mallory,Sharp,99743486,mallory_sharp@hotmail.com,GTFV47196172606214,PT0000016
CL0000053,5e06a57ab,Passport,James,Reilly,16640283,james_reilly@example.org,CAXD78486559242342,PT0000094
CL0000054,6f7a1a010,Passport,Jeremy,Lewis,88779852,jeremy_lewis@hotmail.com,RXAZ68344644663722,PT0000093
CL0000055,9c87da545,Passport,Abigail,David,29874876,abigail_david@hotmail.com,BXUB63913893875979,PT0000039
CL0000056,cfbbb3999,Passport,Theresa,Bradford,11452866,theresa_bradford@example.org,VAST01786106502136,PT0000008
CL0000057,31844196f,DNI,Maria,Larson,69808173,maria_larson@hotmail.com,CNNV29321590253980,PT0000008
CL0000058,1568558ff,DNI,Michael,Wright,23516260,michael_wright@outlook.com,HPSA85514753613424,PT0000010
CL0000059,a7dc32361,DNI,Kara,Hill,75559992,kara_hill@hotmail.com,JOXK78527950761478,PT0000094
CL0000060,a3440c12c,DNI,Tina,Welch,63656181,tina_welch@gmail.com,URGP17443162885606,PT0000014
CL0000061,08a9fb89c,Passport,Martha,West,02039612,martha_west@example.org,PNSE79529944747847,PT0000081
CL0000062,012434471,Passport,Susan,Hatfield,84891761,susan_hatfield@outlook.com,NHAP43818543984366,PT0000033
CL0000063,7f2d88e9c,DNI,Lisa,Dougherty,35093093,lisa_dougherty@hotmail.com,HSVS86299072621750,PT0000061
CL0000064,15bc1cfb3,Passport,Christopher,Sharp,51384836,christopher_sharp@gmail.com,FFOI46657465379645,PT0000094
CL0000065,6512e5a96,DNI,Ashley,Thompson,76364479,ashley_thompson@gmail.com,POZL32241119386943,PT0000063
CL0000066,7b5c3a29f,DNI,Amanda,Ryan,14562409,amanda_ryan@gmail.com,UONN99709778515916,PT0000001
CL0000067,f31e18659,DNI,Marie,Sexton,27415938,marie_sexton@gmail.com,PEFZ57059469666753,PT0000001
CL0000068,273eaeefd,DNI,Logan,Johnson,69043976,logan_johnson@outlook.com,FYIM22114037275630,PT0000031
CL0000069,1d3a1721d,Passport,Cheryl,King,37822583,cheryl_king@gmail.com,HGTB16256074635326,PT0000005
CL0000070,5544ee248,Passport,Felicia,Morales,86740617,felicia_morales@hotmail.com,ARPO68290424477850,PT0000004
CL0000071,50c560778,Passport,Mariah,Fernandez,08907082,mariah_fernandez@gmail.com,GHEL11816896211443,PT0000092
CL0000072,a1274e7a2,DNI,Samantha,Stevenson,38720304,samantha_stevenson@hotmail.com,UHJG32561250913914,PT0000020
CL0000073,20f6499cb,Passport,Steven,Schneider,02526433,steven_schneider@hotmail.com,OEIA32034255549908,PT0000042
CL0000074,b90e4d3cb,DNI,Sara,Brown,88438375,sara_brown@example.org,EPSE52730077685066,PT0000082
CL0000075,405d9db21,DNI,Kevin,Burgess,65839614,kevin_burgess@example.org,VXPW47596213768131,PT0000016
CL0000076,2724413fc,Passport,Joshua,Anderson,17412028,joshua_anderson@outlook.com,GUWL11196945264051,PT0000054
CL0000077,517a969d3,Passport,Rebecca,Carr,69706383,rebecca_carr@hotmail.com,JFJJ53476838717305,PT0000038
CL0000078,2f6e32bcc,DNI,William,Mercado,76185169,william_mercado@example.org,OPWG62585100445455,PT0000048
CL0000079,ea7f183ad,DNI,David,Jenkins,53662065,david_jenkins@gmail.com,BBWP59740465767026,PT0000055
CL0000080,f3b60ad31,Passport,Erin,Fuentes,27591380,erin_fuentes@hotmail.com,FCXU93558323582687,PT0000025
CL0000081,69c1e060d,DNI,Seth,Allen,12038931,seth_allen@outlook.com,IOLS98267497953413,PT0000072
CL0000082,9b3bb7a7b,DNI,Michael,Savage,30070748,michael_savage@example.org,MGIW02001397348872,PT0000045
CL0000083,1918ba410,DNI,Steven,Gregory,18861587,steven_gregory@hotmail.com,XZYT84310479982621,PT0000066
CL0000084,7d656b7c9,DNI,Denise,Welch,43216678,denise_welch@example.org,GOYT43318971715360,PT0000097
CL0000085,e0c42c65d,Passport,Stephen,Bailey,68998950,stephen_bailey@example.org,WKLL39518611047020,PT0000077
CL0000086,53b352340,Passport,Michael,Delacruz,77522852,michael_delacruz@example.org,MBZY99720295899908,PT0000064
CL0000087,2357f7b31,DNI,Kimberly,Henry,91733118,kimberly_henry@example.org,LRXP11985817387366,PT0000078
CL0000088,45f1b872f,DNI,Michael,Allen,94830543,michael_allen@outlook.com,UCNE31385797459981,PT0000095
CL0000089,4a82e2a29,DNI,Albert,Yates,45693800,albert_yates@hotmail.com,EZCZ46752094837669,PT0000019
CL0000090,0a1ee8c89,Passport,Samuel,King,51740064,samuel_king@example.org,CBKX52709893621789,PT0000083
CL0000091,e8143f42d,DNI,Bianca,Gonzalez,85223249,bianca_gonzalez@gmail.com,KCUR11586396338636,PT0000027
CL0000092,32b04be5b,Passport,Jesus,Davis,74789141,jesus_davis@outlook.com,DJXD18873364824617,PT0000063
CL0000093,b5f41a7fd,Passport,Stephanie,Gray,88210139,stephanie_gray@example.org,LPBU25897573073529,PT0000011
CL0000094,aa9fb1661,DNI,James,Robinson,07150032,james_robinson@example.org,BQTJ15297242996652,PT0000007
CL0000095,3ce9c626d,DNI,Tracey,Burch,05726450,tracey_burch@gmail.com,NJEN19714957582802,PT0000065
CL0000096,4fe8f40a8,Passport,Robert,Gregory,62762726,robert_gregory@gmail.com,DVWJ48823040170343,PT0000079
CL0000097,d29643981,Passport,Jennifer,Clark,17490064,jennifer_clark@outlook.com,OWXX77911010208990,PT0000096
CL0000098,4c4ecef43,DNI,Jamie,Weaver,06839152,jamie_weaver@example.org,XJRG59849967352205,PT0000001
CL0000099,280ac4c11,DNI,Tanya,Nolan,38772589,tanya_nolan@outlook.com,ERZV72600852811439,PT0000089
CL0000100,11fdbb49c,Passport,Christina,Robinson,84675963,christina_robinson@hotmail.com,CLOT56848722654045,PT0000037
