id,usuario,password
US0000001,William.Yoder,+7Ele8^rlz
US0000002,Danielle.Alvarado,@@n*05Sh+P
US0000003,Julia.Shelton,90WxR*Eq&7
US0000004,John.French,@9$MJ0Bqu*
US0000005,Dustin.Fowler,^58UGf^0g#
US0000006,Anthony.Neal,h@B22Bhkf^
US0000007,Aaron.Reid,!ilTAYhXf4
US0000008,Aaron.Herrera,c0@OzrAD@y
US0000009,Bryan.Costa,C)2MpxVy)w
US0000010,Lisa.Reynolds,f0MszRdd%y
US0000011,Stefanie.Wilson,*5TqjENBes
US0000012,Sarah.Owens,&g5Mh#Eld6
US0000013,Sarah.Miller,k13IrqNny%
US0000014,Alejandro.Davis,@%og)0En8s
US0000015,James.Anderson,(h1MYTJoAd
US0000016,Amy.Pugh,&Toi9LisIi
US0000017,Regina.Evans,#9DZg%Cxd1
US0000018,Kyle.Nelson,w*5%LtUWFw
US0000019,Stephen.Solis,(nFy5IcH%n
US0000020,Joy.Rogers,2rFVSbKb#t
US0000021,David.Solis,%R22L2Efd%
US0000022,Connor.Fuller,T84R*Amd_V
US0000023,Valerie.Anderson,Ad!9^PRwd3
US0000024,Daniel.Sanchez,F2Y36EFri(
US0000025,Nicole.Doyle,$4awROelQj
US0000026,Robyn.Thomas,4WI)XNi)%9
US0000027,Karina.Baker,Z28I6I&w_4
US0000028,Amanda.Guzman,F5Wr^3Sj^w
US0000029,Roberto.Bass,51S4NmeL)W
US0000030,Joshua.Hansen,Md4ZvLP&h^
US0000031,Jeremy.Harris,55FxlMzM^L
US0000032,Andrew.Smith,*%Q3MhW(16
US0000033,Michael.Thompson,w(!2ODzZAv
US0000034,Linda.Nelson,ndZr4X6A%3
US0000035,Nichole.Henry,+7Vl^dUk0G
US0000036,Angela.Martinez,$7hK8gPk8Y
US0000037,Travis.Warren,&KP5ZWCj!L
US0000038,Shelly.Soto,1502TUCl_+
US0000039,Anthony.Berger,_f2Z2@SoBz
US0000040,Priscilla.Schneider,m+7iKOXn@K
US0000041,Rebecca.Thompson,Grj1ZvDp$7
US0000042,Victor.Montgomery,oLL0*fDc#9
US0000043,Theresa.Day,(dVkv3oaR1
US0000044,Brendan.Neal,i36WSgm)_B
US0000045,Richard.Hansen,CNia&3Ph$x
US0000046,John.Martin,7GwV6A9d%h
US0000047,Julie.Hall,m0+IG8Hz(9
US0000048,Rebecca.Hunter,)*$!xQcc59
US0000049,John.Burns,_7CxArtm4Q
US0000050,Molly.Porter,f+L1Al6giT
US0000051,Allison.Murray,$^4FMSpGS$
US0000052,Stacy.Garcia,Rc+8SCDo)&
US0000053,Kelsey.Stewart,E*yi4UbbTo
US0000054,Hailey.Moreno,+eY#LTAa7x
US0000055,Veronica.Johnson,kLdcMoQo%9
US0000056,Stephanie.Martinez,ze#N2Wh&k$
US0000057,Donald.Williamson,1I^NiX5d!s
US0000058,Jason.Hanna,$V)16RYgAc
US0000059,Wayne.Williams,v_xm4iPme*
US0000060,Andre.Tran,*R1I*N31t7
US0000061,Teresa.Fernandez,+!3yFuYeFL
US0000062,Brandon.Davis,#k2G4FLwUg
US0000063,Larry.Baker,*v5%yxZFg4
US0000064,James.Scott,@yoVG1csD0
US0000065,Anthony.Cohen,wHSg^nmw)0
US0000066,Roger.Thompson,^k80#bMj$p
US0000067,Samuel.Love,s#y3)RhohF
US0000068,Kelli.Shaw,n&!9AIVjw1
US0000069,Elizabeth.Daniels,c&rG6kBz7k
US0000070,Paul.Butler,Ja8JMg5K^m
US0000071,Susan.Garza,UXeGC6Ej(8
US0000072,David.Lambert,)y5sTgP9uD
US0000073,Jerry.Stevenson,a!1qSq+Wr)
US0000074,Kathleen.Meyers,%(av9D+M@d
US0000075,Ashlee.Richardson,)hXR4E%ig7
US0000076,Thomas.Mcbride,gp$4X%zuqa
US0000077,Richard.Snyder,8)*1aKahI1
US0000078,Christian.Morales,^3F6d)EDi^
US0000079,Angela.Johnston,!K0ImxhR^B
US0000080,Nicole.Dawson,_t##Xcw&9z
US0000081,Kelsey.Rivers,FZ5p2BzV_H
US0000082,Michael.Montoya,iiauPfae+7
US0000083,Bill.Owens,r1b)QQ9m)G
US0000084,Courtney.Cameron,r^LYi)eU!4
US0000085,Lauren.Mack,iKLD^0Xl%6
US0000086,Katie.Wolfe,12NQ@qqh*p
US0000087,Charles.Smith,6b8OfSayA&
US0000088,Christopher.Washington,7_0uyIJh2W
US0000089,Brian.Hernandez,cR0Rqne%(@
US0000090,Laurie.Carr,^B9qWVbv_r
US0000091,Shawn.Kelly,#Z_R0_Rl%2
US0000092,Cynthia.Scott,G$2DX8Dy78
US0000093,Ashley.Dudley,^$9YMgg19+
US0000094,William.Nelson,$z3yJyjon@
US0000095,Natasha.Cox,&kfVgi$f&8
US0000096,Katherine.King,90PT&osl!P
US0000097,Ashley.Reese,W%0xBrE@)l
US0000098,Kurt.Cohen,+n$X8lrv18
US0000099,Mark.Perkins,*8PK9t9H5f
US0000100,Mark.Hammond,8Y6NMgK&&U
US0000101,Lindsay.West,!FrN3cIm!e
US0000102,Nicholas.Love,Vtx5!Ke*@L
US0000103,Kelly.Alexander,WE1CzNo#(5
US0000104,Christopher.Colon,*mgeQ#gH@8
US0000105,Diana.Alexander,0gCZ(VSR*Y
US0000106,Michael.Gray,*3vHwf+W2S
US0000107,Nicole.Brown,PPN7Y&Ya_%
US0000108,Sheri.Allen,34$4BZvgr)
US0000109,Tyler.Mendoza,JsKZ5Aas0#
US0000110,Misty.Solomon,Ud7*Kl$w2)
US0000111,Danielle.Williamson,4iYGA4Vi+r
US0000112,Paul.Vaughn,P2lX!*ps%I
US0000113,Heather.Ortiz,&C4zVqOnj6
US0000114,Micheal.Glover,@!DmApUa6h
US0000115,John.Bailey,*3Tt3*i6)2
US0000116,Caroline.Gill,a9jG9xZG*o
US0000117,Michelle.Nguyen,_8^FqQe51+
US0000118,Jennifer.Ward,3(PKfo6V%3
US0000119,Dennis.Garcia,rY7Jy8j_@0
US0000120,Monica.Thompson,H8&M7PEt%C
US0000121,Matthew.Novak,_pcWZw0uX9
US0000122,Emma.Ritter,a3D1F^7+!h
US0000123,Marcus.Lawrence,*oIWWl15!9
US0000124,Carolyn.Livingston,$hzRPcSbF2
US0000125,Michelle.Parker,$Mo9IdbL*i
US0000126,Joseph.Martin,_M)5KDwdC)
US0000127,Danielle.Goodwin,4pJJ4mS0)9
US0000128,Sean.Murray,@1oH8P83Dl
US0000129,Megan.Jones,L(HwJ&o*!5
US0000130,Bradley.Reynolds,m4V7qSVc$b
US0000131,Diana.Murphy,w*bL(tPj#6
US0000132,Christina.Glover,78QYk6nP(v
US0000133,Deborah.Roberts,*OPLWid(c4
US0000134,Ryan.English,1tYhdgRE+q
US0000135,Nicole.Montoya,#joKUDyzJ1
US0000136,James.Callahan,k6tRMA(m&)
US0000137,Joe.Flynn,Q4PtvKyy+v
US0000138,Sandra.Campbell,z*CNS1kFNH
US0000139,Kristen.Murphy,U0c8H4*p(D
US0000140,Victoria.Smith,&1)0H7CiG)
US0000141,Dominic.Murphy,^)1FsBhq$j
US0000142,Jacob.Smith,%(zt33Rz*j
US0000143,Peter.Henderson,@30VZdvz*D
US0000144,Denise.Martin,(p9H+xx(h!
US0000145,Courtney.Gardner,Xzh0LAT&#_
US0000146,Jacob.Mclaughlin,Y6XAJZUa*7
US0000147,Melissa.Soto,CvlRl(9w$8
US0000148,Tracy.Gibson,)072ZkHEVx
US0000149,Brandon.Patterson,U@5vUdqoKV
US0000150,Jacob.Gamble,*72L^TYs*4
US0000151,Zachary.Quinn,%3BL)mtL9R
US0000152,Robert.Martinez,_^K8ybgi(1
US0000153,David.Walker,rO$QzYAJ!6
US0000154,Amy.Palmer,5D9WudAd^+
US0000155,Rodney.Ashley,_k4#5P!d^^
US0000156,Brandon.Brown,!D1LMrGex+
US0000157,David.Howard,z5R7D*CjO%
US0000158,Michael.Sanchez,Hk_R16Bv!D
US0000159,Susan.Ward,4y7LrK1C@Q
US0000160,James.Chen,^6GY!ChZr*
US0000161,Wendy.Ward,Snk!*7Fw(+
US0000162,Alan.Clayton,s+5VxqGh(W
US0000163,Alexandra.Massey,%5SyDkp%9o
US0000164,Jonathan.Carey,+RMjXQoX5d
US0000165,Mikayla.Scott,3P1GQDnk_T
US0000166,Allison.Shaw,U7$D)f)p&J
US0000167,Ryan.Mendoza,@eFlF)j^s0
US0000168,Jason.Cochran,Us%JgjYi#1
US0000169,Amy.Young,O7u9Swkuw&
US0000170,Kayla.Richardson,B_82QfWi%I
US0000171,Michael.Rodriguez,bBktVpm@@5
US0000172,Jesse.Strong,0%5*BiqdwU
US0000173,Ryan.Nichols,j1GS9O^R#Z
US0000174,Jennifer.Schmitt,(7xQcjG3+L
US0000175,Angela.Goodman,@vWlpk#T9H
US0000176,Christopher.Carr,I#5DBsUD(&
US0000177,Blake.Miller,%t25O5ktvd
US0000178,David.Davis,Bs2CquL$#7
US0000179,Christina.Johnson,W*75BpTAwp
US0000180,Christopher.Golden,u2Qfi9Qh*s
US0000181,James.Jackson,!16yDKw#eu
US0000182,Donna.Phelps,&8vVetAzKY
US0000183,Rebecca.Bautista,f_0c9PqFns
US0000184,James.Hodges,67DssuLX)M
US0000185,Jim.Osborne,&b4Pikg@pk
US0000186,Selena.Matthews,%MmQmL8!24
US0000187,Julie.Eaton,#0d8HUTj+*
US0000188,Christian.Daniels,U)$4LcrJ&y
US0000189,Alicia.Collier,ph&GpRR1_2
US0000190,Jessica.Clarke,)pcUhRzI67
US0000191,Jason.Kennedy,G2+G5K0B!r
US0000192,Christine.Chandler,*0QayBuwX+
US0000193,William.Smith,0U*MrKlB!T
US0000194,Teresa.Scott,kA_2P@bj0A
US0000195,Summer.Benson,#)hQEz29o1
US0000196,Raymond.Hays,)U#84D8t&X
US0000197,Elizabeth.Weaver,#F1xEbPa6y
US0000198,Daniel.Murphy,%J8dToRx(5
US0000199,Linda.Gonzalez,ybJk9X&IG^
US0000200,Claudia.Jackson,+)S2B!z3+4
US0000201,John.Gordon,&9rx95Rytd
US0000202,Allen.Edwards,&^75KjiO4m
US0000203,Matthew.Mclaughlin,7St1)^irv@
US0000204,Amanda.Moore,om+^0BFuxk
US0000205,Deborah.Randolph,WZ#5wVPtxk
US0000206,Amanda.Anderson,$MU4DEuNFX
US0000207,Anthony.Shelton,9*p0Cuvk_j
US0000208,Daniel.Brooks,)Cs*AKMv9P
US0000209,Tina.Berry,&YZW0sKzFA
US0000210,Kevin.Cobb,+iOD&nbv0R
US0000211,Jorge.Hess,%PU80FEp($
US0000212,Cathy.Hill,$6w@eCutYB
US0000213,Justin.Herman,_##@5IPe50
US0000214,Michelle.Wallace,)&4xMs3S7u
US0000215,Raymond.Jimenez,$vrCAwh28#
US0000216,Jesus.Hughes,sg6pFs@%4(
US0000217,Ronald.Cunningham,JDq8Sv7i(6
US0000218,Jerry.Williams,w*3XJrT$yP
US0000219,Christina.Johnson,Ud6&yySq@v
US0000220,Jason.Bowman,S#0FNmalju
US0000221,Lori.Grant,Q62jG2x)!F
US0000222,Nicolas.Coleman,@FXqbYwn9d
US0000223,Raymond.Parker,bf032U@(B^
US0000224,Anthony.Mays,a8rQpgV3#d
US0000225,Tracey.Stewart,v_87&1PLSk
US0000226,Valerie.Wise,!I%Yljcl90
US0000227,Shaun.Brown,()#c8W&cok
US0000228,Deborah.Payne,Fb!5HbuG(8
US0000229,Raymond.Ellis,h$CnZ!Ft%8
US0000230,Timothy.Hahn,4Da6K3ej(r
US0000231,Christopher.Wilson,12qtUbhZ$0
US0000232,Steven.Robinson,!6lPW_JKxp
US0000233,Jennifer.Lewis,x^5Wvq58WY
US0000234,Elizabeth.Flores,9q*Fwe$Q&9
US0000235,Amanda.Davis,%K6CrduDe6
US0000236,Larry.Carroll,RQj)8WEpXZ
US0000237,Travis.King,_WMg8cvm%8
US0000238,Candice.Johnson,4A6Jfv0yv*
US0000239,Christopher.Sanchez,)5FOxTf@#P
US0000240,Katelyn.Ramos,P18#8Ehp^S
US0000241,Leonard.Roth,UX&NJIq9_2
US0000242,Alexander.Perez,4&6V8Fw_xl
US0000243,John.Lyons,Q&pj2Nlp_O
US0000244,Annette.Walsh,@1ZwviApX8
US0000245,Emma.Rodriguez,Sex9Mtjwg&
US0000246,Steven.Jones,y*0wwkEpNJ
US0000247,Robert.Rivera,DRdBX)6f&1
US0000248,Kevin.Alvarado,@eUnVuKl2(
US0000249,Jennifer.Livingston,m59tmXy!*B
US0000250,Angela.Martinez,Xpp70T+M&_
US0000251,Laura.Flores,(5Ts_+Vjsn
US0000252,Erika.Morgan,26%N4FcA*U
US0000253,Ariana.Lopez,K&Jhxrav%8
US0000254,Hayley.Rivera,gv2OZ4a(^O
US0000255,Matthew.Fernandez,h$0xSxQCKV
US0000256,Timothy.Singh,@PMs9uCfFT
US0000257,Brooke.Garcia,25GKZyjv$5
US0000258,Mark.Hodge,6#Dwuoc%(W
US0000259,Whitney.Glover,3ib%dIr5&Q
US0000260,Matthew.Cooper,Y2)7b&FbfZ
US0000261,Brandi.Rodriguez,A$o5hwYwNt
US0000262,Danny.Harris,U)5$^O9gPE
US0000263,Denise.Nelson,kDFy8A2y!7
US0000264,Sarah.Freeman,Z)F9CrEsIn
US0000265,Jillian.Hernandez,rAXepUxo@2
US0000266,Matthew.Perez,&e4hoYwi*3
US0000267,Jessica.Cooley,3xil2PGr^C
US0000268,Lisa.Baldwin,hOqVOwq!+5
US0000269,Jennifer.Hicks,M9k0@UBn+C
US0000270,Alan.Davis,dVN@t_xt)9
US0000271,Rebecca.Grimes,rNoQ0EvJ!v
US0000272,John.Moore,#v3qG0ba)#
US0000273,Tracy.Wood,*8GK8wdzDC
US0000274,Elizabeth.Moore,d@6tUYhtwi
US0000275,David.Hunter,A5o5#VTyh&
US0000276,Robert.Walter,un8&KuA4s&
US0000277,Shannon.Clarke,+UEyEdF734
US0000278,Amanda.Baker,ta5Vw73&)q
US0000279,Rick.Johnson,MKoTpsbp!5
US0000280,Rachel.French,#haTt@Zo9P
US0000281,James.King,%0C94IqnoO
US0000282,Francisco.Cain,LPP2zEov@i
US0000283,Marc.Watson,&#1)8R+ya_
US0000284,Jesse.Perez,_aD7Lo#RQB
US0000285,Christina.Page,ugRVeDjb@5
US0000286,Leslie.Harding,Q1zaS(Yg+m
US0000287,Angelica.Garcia,#m^PCzrp&4
US0000288,Amber.Kaiser,!29PZr@k)E
US0000289,Mark.Alvarez,F#7dwEgs_q
US0000290,Heather.Stewart,!KoZYuBt(3
US0000291,Kayla.Greene,MpF64PBq)M
US0000292,Mark.Lewis,3xAlUd2h!c
US0000293,Maureen.Schneider,vd@88QAxVz
US0000294,Matthew.Powell,#24))Kr3q+
US0000295,Brian.Stark,_$9JixVRDK
US0000296,Joseph.Bush,^V2ivTmxbC
US0000297,Christopher.Figueroa,R)D74E_Sqj
US0000298,Donna.Willis,t3H%PzKN*5
US0000299,Margaret.Gray,Ry2ZZ1m4J^
US0000300,Michael.Pham,_014ORUls^
US0000301,Deborah.Dickerson,p5PZBxVl&c
US0000302,Ian.Meyers,v3xDTRTz&v
US0000303,Jessica.Holder,()%1EPKl&Q
US0000304,Kathryn.Jones,$io3PQfi4A
US0000305,Donald.Gray,WT45DJd^o)
US0000306,Alexandra.Higgins,yo35PWEDB%
US0000307,Stacy.Kaiser,8hE!NvKW$0
US0000308,Don.Nash,#d7+FGFf+l
US0000309,Eric.Shepard,HbmHyZIg^0
US0000310,Thomas.Wu,o)7Oud^I)y
US0000311,Alexander.Richards,yf$DTC(V+2
US0000312,Gina.Proctor,CcIlKyWw*1
US0000313,Elizabeth.Vega,Z8Z7PLnd@u
US0000314,Mathew.Lee,E*O60AcjFx
US0000315,Angela.Rodriguez,ap7PuLBbh#
US0000316,Juan.Simmons,HD^B3Hcytl
US0000317,Nancy.Harmon,Cd2Xv(JPo^
US0000318,John.Vang,t8vDHcRa#T
US0000319,Tyler.Chapman,t&83xBSYue
US0000320,Blake.Bryant,(^3WMAEjWo
US0000321,Kenneth.Hunter,*1h!Wv)sa0
US0000322,Isaac.Freeman,!tU5z4AqUd
US0000323,Jennifer.Diaz,pngRxwKt(4
US0000324,Michael.Kelly,k@Sl3Zvbc9
US0000325,Kimberly.Morris,A7Qtd5*b@C
US0000326,Caleb.Payne,)Hk1UPQrt1
US0000327,Cynthia.Kelley,^KIY!yWoH8
US0000328,Kevin.Hodges,*J!YbeV%b4
US0000329,Ruth.York,HkmdEg44(7
US0000330,Larry.Daniels,#B(5)KoCy)
US0000331,Amy.Jones,^9VpMtt3_7
US0000332,Nathan.Lane,_TQIGpdl#7
US0000333,Andrea.Sharp,r28OYrJE!F
US0000334,Richard.Lester,@XU7Ed2yt2
US0000335,Destiny.Schultz,E*2HoMnRrf
US0000336,Brianna.Macdonald,@9Z6Qx4dX_
US0000337,Thomas.Riley,&t4U^svC#8
US0000338,Shannon.Schmidt,(G4yZnrxMM
US0000339,Anthony.Flowers,9W&TI#Sj@8
US0000340,Alejandro.Lewis,64Bi^hri)H
US0000341,Monica.Webb,uo10zWUVq)
US0000342,James.Nolan,@5&8p5Jaon
US0000343,Zachary.Williams,2W#66vBiWX
US0000344,Jamie.Wall,%r6lNvNp)9
US0000345,Vincent.Mathews,^34O5GPrs!
US0000346,Laura.Thomas,%924QSrh7V
US0000347,Chelsea.Clark,^YGeQVhM00
US0000348,Janet.Morrison,#Dm41EaK+S
US0000349,Samantha.Wood,^2Q2&Ecf#5
US0000350,Nicole.Sanford,%2F7GDr*rO
US0000351,Sierra.Bowen,#g4zPWUh2W
US0000352,Alexis.Hale,w8yYmzYg@H
US0000353,Todd.Gonzalez,6_48r(Uw+t
US0000354,Laura.Davis,e#R8TbNu12
US0000355,Aaron.Anderson,gn3TFXpk(8
US0000356,Dawn.Morgan,(#1JKddriW
US0000357,Pam.Morris,7C5kVwo^@h
US0000358,Justin.Finley,(5r5DlHy&w
US0000359,Nicholas.Massey,&@6DuMe@q+
US0000360,Robert.Buchanan,o&Snu0JgW&
US0000361,Chad.Ellis,$5mgK@1)0c
US0000362,Samuel.Figueroa,)d4Omg!sm0
US0000363,Jennifer.Collins,G@(7ZqKg5%
US0000364,Tommy.Ochoa,_leRrM#H88
US0000365,George.Rodriguez,!4E*Ku)dYG
US0000366,Leslie.Burgess,7dN9J+Ixt^
US0000367,Elijah.Berry,EC&03oEeo2
US0000368,Robert.Owens,_x1Jcfjw(X
US0000369,Kevin.Andrade,#$2hJFLkO1
US0000370,Edward.Rosales,%FNfs0zg03
US0000371,Clarence.Rivera,Y3CnWiZK+9
US0000372,Mary.Davis,kjbg5TcIT(
US0000373,Andrew.Brennan,c5E!T7Tk5*
US0000374,Andrea.Finley,z*5O+6UtW%
US0000375,Brian.Fuentes,wo)(9ELgim
US0000376,Sue.Washington,k@VZ6KCf1V
US0000377,Maxwell.Peterson,&eZToU&KW7
US0000378,Caroline.Klein,M^t2BllRKu
US0000379,Kristen.Clark,Igc^0oLtrr
US0000380,Steven.Crawford,$InOM@7m4m
US0000381,Michael.Mclean,+zF9DxwcT@
US0000382,David.Nelson,_0^CB0u4ad
US0000383,Robert.Webster,&toco&Jo(7
US0000384,Cameron.Golden,!e9PwM^6R+
US0000385,Jane.Cox,$s@5wMRaBY
US0000386,Kayla.Garrett,k*2Sznhye_
US0000387,Christopher.Freeman,L!Xp19XzPM
US0000388,Cody.Graham,IkY#5Zywo$
US0000389,Denise.Anderson,iEG(1EaCVG
US0000390,James.Barr,kn83HfVkU$
US0000391,James.Gomez,6yKtfGH5$6
US0000392,Christopher.Williams,)VB65A2nBL
US0000393,Rhonda.Stuart,)8AItfjGIe
US0000394,Cameron.Church,_jUmzfZs5F
US0000395,Jordan.Lambert,%8Hmqi)tLa
US0000396,Brittney.Smith,+X5JIU5qwz
US0000397,Jamie.Mitchell,#LuY%rAxO6
US0000398,Amanda.Brown,8#IykSUs_9
US0000399,Bradley.Lee,u2h4j$HK^p
US0000400,Elizabeth.Herrera,$d1Mh8zf%$
US0000401,Kathleen.Kirk,h84RnVde)j
US0000402,Tasha.Curtis,6d7DVjLq@u
US0000403,Cassandra.Wells,w!e+YwZF#1
US0000404,Kelly.Gonzales,^YMZ^GLI7m
US0000405,Bethany.Bradley,y)c&4@ItQr
US0000406,Raven.Johnson,!5JF1sYe4N
US0000407,Shannon.Mooney,^hCO5J_t(6
US0000408,Jason.Stevens,)4(k_Jr!q3
US0000409,Reginald.Gray,xku9X_Rt&T
US0000410,James.Watkins,)BYL3GvE85
US0000411,Joanna.Thompson,CL!7YiuVFP
US0000412,Carol.Smith,s_MH97Po5(
US0000413,Kristy.Elliott,Q)0QGmc_L4
US0000414,Michelle.Wolf,%w2yyqHciv
US0000415,Dale.Martin,@jiPbPsy48
US0000416,Frank.Brown,!LF%h#roT4
US0000417,Francisco.Butler,^@0^Rsrxus
US0000418,Tracy.Parsons,S8GGoSuP^^
US0000419,Jerry.Bailey,gh7pYQrw@^
US0000420,Laura.Moreno,88AKY^_v$M
US0000421,George.Gibson,5*M6%CRd&N
US0000422,Virginia.Harmon,*zWywj9O0w
US0000423,Jeffrey.Molina,@5QV(ni%*4
US0000424,Suzanne.Williams,^5xMezaAWV
US0000425,Maureen.Conrad,*6GszX$q^K
US0000426,Tiffany.Ibarra,p*8ucOyX!*
US0000427,Calvin.Kim,)XHQ%%yS8k
US0000428,Emily.Davis,@Bxw9+Xdr#
US0000429,Roberto.Ortiz,l6LMad%x)K
US0000430,Alex.Harvey,cn1QfSE)^w
US0000431,Sara.Hall,0A@1JNhkcS
US0000432,Marie.Marshall,Kr__1Q8jGm
US0000433,Natalie.Bridges,%4JAUfi&A0
US0000434,Richard.Mercado,N5FE&t0w&V
US0000435,Jennifer.Curtis,)UK0Tlcm@e
US0000436,Deanna.Peters,bW1m1ZAqI$
US0000437,Cindy.Anderson,%5t6LbeF26
US0000438,Ryan.Anderson,$a4V2M4vr3
US0000439,Noah.Brooks,$sQkxYK$(7
US0000440,Alex.Stewart,N0v4Yhfy@M
US0000441,Angela.Jensen,U3WzSmt2^7
US0000442,David.Walker,LCFW85(d!0
US0000443,Jocelyn.Johnson,*3cLndsAbk
US0000444,Paul.Howard,cb8WFRjkg&
US0000445,Angela.Rojas,bo7!$6Lycv
US0000446,Jeffery.Bailey,31P^OtdK%f
US0000447,Karen.Baker,yvh8YXdz_!
US0000448,Cody.Schwartz,(9Bog57MA2
US0000449,Michelle.Alexander,!75US5l$Io
US0000450,Rebecca.Mccoy,)V8HchuBOE
US0000451,David.Dean,^0V&3sMa6C
US0000452,Tina.Phillips,EeJi^jrQ!7
US0000453,Paul.Ramirez,(!1(ZSgZ^s
US0000454,Jennifer.Lee,(+@4XQ+nbo
US0000455,Stephanie.Chavez,$o8FTds#b1
US0000456,Rodney.Cooke,q4qDJnlN(1
US0000457,Alexandra.Curtis,M1W*PkFn^4
US0000458,Karen.Craig,!^5SZkh4XL
US0000459,Caitlin.Clark,^nbHOS339K
US0000460,Lisa.Nelson,#(6pWf1KIl
US0000461,Amy.Mccall,A43IZzQ*o*
US0000462,Timothy.Wallace,TbZ1GXtN0)
US0000463,Paul.Perry,2f04d6Dg*$
US0000464,Jennifer.Waters,_)ESkeo36V
US0000465,Bruce.Lewis,@K6A&&#tIJ
US0000466,Michele.Escobar,09T8R!hf_H
US0000467,Jennifer.Bowen,!V9AaCu$w7
US0000468,Katrina.Smith,n(V6p+)jCH
US0000469,David.Perez,(MY^pcxQd4
US0000470,Rebecca.Hernandez,!_Gu*wQe2&
US0000471,Pamela.Graham,6NyjhKfm$8
US0000472,Noah.Mclaughlin,!#PF5kRM7a
US0000473,Michelle.Santos,!ElNOk!tV4
US0000474,Chelsea.Todd,_)5UlkIXo_
US0000475,Jimmy.Torres,@dJEht9dM1
US0000476,Noah.Reynolds,DEm1@3PmEn
US0000477,Julia.Smith,h!2q%MP+am
US0000478,Jeffrey.Ward,4^W!dacn(6
US0000479,Ann.Fritz,(bmuzOn%2(
US0000480,Melissa.Wallace,eDUV1H9h+&
US0000481,Lisa.Hernandez,&7HtjWnP3R
US0000482,Tony.Parker,d8#3@8Ps8H
US0000483,April.Smith,4iyNHg^C%!
US0000484,Justin.Ruiz,m5ZzJpIe^1
US0000485,Abigail.Thompson,WE53WoC+L(
US0000486,Lisa.Mitchell,7ap3W^yL*z
US0000487,Lorraine.Pierce,*YF4U%xlmj
US0000488,Ryan.Carr,FeF4QgV_A&
US0000489,Brenda.Martin,xg7C7jE4p!
US0000490,Jamie.Hunt,Y+M^Dzwz^6
US0000491,Thomas.Robinson,#(1HdwCA%4
US0000492,Dustin.Young,&41INzdi)e
US0000493,Kristina.Jenkins,$M6cxGPsAz
US0000494,Carol.Cummings,@rU3$RlaoU
US0000495,Lori.Robbins,_p2Njrq1Xr
US0000496,Jessica.Martinez,*5%ZH_OrTo
US0000497,Kimberly.French,tbH%GAQp^3
US0000498,Kelly.Walker,)Z@6T7in0+
US0000499,Thomas.Chung,UK0Vc&ty_p
US0000500,Amy.Montgomery,Bj&kwJfG&2
US0000501,Tara.Bennett,k5a8M(Uy+j
US0000502,Cameron.Miller,m+7Er&UmR@
US0000503,Michael.Tucker,evd%GzJr@1
US0000504,Margaret.Parker,MFl7Mu4m#l
US0000505,Rebecca.Wilson,&PO3JfLqgE
US0000506,Alex.Rodriguez,*R9yuSbo&X
US0000507,Angela.Hughes,$05gVEJkQ3
US0000508,Jonathan.Allen,n#+2tkGqCK
US0000509,Madison.Miller,+S0rZkX)B@
US0000510,Lori.Colon,4jFgS%Zi#z
US0000511,Brian.Santos,!*Al0czv2l
US0000512,Michael.May,WkE4Wkkk(K
US0000513,Damon.Ferguson,8Vn0ZtqQ@A
US0000514,Bryan.Jennings,BV8YElx7t*
US0000515,Crystal.Reeves,#Y*+7MFwCl
US0000516,John.Schwartz,EN&maIIj*5
US0000517,Michael.Cross,4832YGaJ(I
US0000518,Shannon.Hernandez,#Als5NnWn^
US0000519,Cory.White,+^9WkWcHQ2
US0000520,Robert.Evans,)6JBl$cI&Q
US0000521,Bethany.Berry,*_J6VefDC8
US0000522,Heather.Mahoney,^*4+sIrPu1
US0000523,Robert.Sullivan,!9EKKYNs#V
US0000524,Kevin.Cox,%ahLneDD5+
US0000525,Breanna.Johnson,&1KgJBYidX
US0000526,Amanda.Butler,1pIqw7b)!f
US0000527,Brittany.Collier,%h#NZ3Az_f
US0000528,Elizabeth.Wilson,)u)prAB)^4
US0000529,Calvin.Romero,D%2IyiHBrz
US0000530,Matthew.Morris,g&$D1CrwB&
US0000531,Leslie.Gonzales,ZMW$3n!B*2
US0000532,Kevin.Strong,Cy&0Ced3gi
US0000533,Angela.Cruz,!b5UygUphr
US0000534,Heather.Coleman,u4_@05TbNx
US0000535,Raymond.Chaney,%2(yIbEluh
US0000536,Nicole.Anderson,@!Pd20VunC
US0000537,Scott.Shepherd,Aq4MFDt8#%
US0000538,Destiny.Parks,^RprmB2gb7
US0000539,Gail.Fox,%$2EhPpk+6
US0000540,Nicole.Bailey,D)6l9OcaiW
US0000541,Emily.Jackson,m!2ntAUv6G
US0000542,Thomas.Griffin,(JEjXkxxr0
US0000543,Ashley.Morales,t&J5MOu#xJ
US0000544,Christopher.Zamora,%ywe3Ynt*8
US0000545,John.Harris,!5*TiLW9m1
US0000546,Gilbert.Miller,X^1RakTH#R
US0000547,Angela.Johnson,@Pn9X1GdOo
US0000548,Julie.Evans,^8+*cOgyO!
US0000549,Jennifer.Nelson,M*82wir$zX
US0000550,David.Murphy,+9wDX&gvlT
US0000551,Jeffrey.Richmond,5*GG0v!Y$7
US0000552,Mary.Coffey,KmUp5Bt1(1
US0000553,Nicholas.Taylor,9!8qItJluS
US0000554,Stacy.Jones,4ztUHjlX)3
US0000555,Joann.Guzman,%UMH5oQb&_
US0000556,Carolyn.Lamb,J31Hpdpb!C
US0000557,Lori.Hooper,)1GBemJ*UF
US0000558,Matthew.Nelson,*3gFV55vsn
US0000559,Nicole.Jones,+Dq$6Yo%m#
US0000560,Crystal.Harris,mT1M0%Dwg*
US0000561,Jared.Rivas,O6nZiqMc(^
US0000562,Ryan.Reese,i7EIeud9#N
US0000563,Kenneth.Fisher,q_7Xk7jW8%
US0000564,Tony.Landry,&5%E@TXf#R
US0000565,Timothy.Williams,(1sNYZdgQ)
US0000566,Ethan.Gonzales,a3a9vWP5)R
US0000567,Matthew.Turner,+BTjFRr5y3
US0000568,James.Kelly,br8vKiYX*3
US0000569,Katie.Thomas,(!1Ff&TzUU
US0000570,Paula.Gonzales,+b3Y3H!ht(
US0000571,Lori.Mathis,_tD5ygNnI5
US0000572,Nicole.Mitchell,V@K2FQVwEr
US0000573,Tanya.Warren,&$AD6wan95
US0000574,Luke.Wright,*K4jB3k_U$
US0000575,John.Fields,t^F2BuEkQt
US0000576,Adam.Alvarez,f07S0*bx7^
US0000577,Briana.Villanueva,9)jw@PMu%c
US0000578,Crystal.Fuller,4O(4VZxz(k
US0000579,Dustin.Keller,u+4Kp)fpf+
US0000580,Colin.Rivera,E%YCT9DyT9
US0000581,Megan.Mora,uS7Vt)xI1)
US0000582,William.Quinn,ZK6Dr%nD$U
US0000583,Jamie.Potter,d#9d7SIsq2
US0000584,Jennifer.Hall,h*1e*I^kGO
US0000585,Michael.Brady,J0+tn0B+*o
US0000586,Melanie.James,&49LRurk!*
US0000587,Jaclyn.Dixon,*N^NDjGn7k
US0000588,Mary.Blackwell,9)wJ7RB8os
US0000589,Casey.Boyd,fD0BFp(x0*
US0000590,Dorothy.Becker,s8Q9TjDV(v
US0000591,Christina.Callahan,h)sl2DYToc
US0000592,Joshua.Blanchard,vxRVOkgK%3
US0000593,Tyler.Sutton,LA5TBclgP)
US0000594,Chad.Ibarra,id02CHhLF)
US0000595,Paula.Smith,#9MJ++Jd(2
US0000596,Christina.Ruiz,H!&7Gda_gH
US0000597,Kenneth.Smith,(5HN^Xw91P
US0000598,Megan.Warren,E6AtH(R%*f
US0000599,Margaret.Bowman,hNb4a4TxG)
US0000600,Megan.Hunter,3@*Sl0sO(f
US0000601,Alexis.Smith,J*7$EPq!L#
US0000602,Albert.Reyes,6)6BH5gNbb
US0000603,William.Lewis,#7686S&wM)
US0000604,John.Garrett,12f0Br0v#H
US0000605,Nicole.Carter,(jE1NoQr$Q
US0000606,Tammy.Ward,lBD0@6Qy7I
US0000607,Samuel.Davis,5!8_SrmsWV
US0000608,Paula.Martinez,PxpO4IHa^#
US0000609,Laurie.Harris,$!9JuYH(Jc
US0000610,Kevin.Porter,Z0F1!Xmf$u
US0000611,Angelica.Rocha,4E(t*8Pc1C
US0000612,Victor.Hughes,*0UnB4bgAS
US0000613,Bryan.Torres,7IWrKRgf^4
US0000614,Ryan.Wright,)*MP83b99Z
US0000615,Ryan.Fitzgerald,3N^#4Tbs&a
US0000616,Jessica.Wang,_V(yPiLpB4
US0000617,Tammy.Jones,2whYOCj8$%
US0000618,James.Davenport,*N2X_nCvx(
US0000619,Paige.Mays,&z^EZTn^5d
US0000620,Timothy.Jones,ILM4_UanX+
US0000621,Michelle.Robbins,L#zg(8Sksh
US0000622,Latoya.Harris,S1s*_SuX*z
US0000623,Kenneth.Berg,t3GCBpXc)i
US0000624,Fred.Hopkins,1%)E7YAcaG
US0000625,Samantha.Stout,Q@92DHuz5P
US0000626,Jeffrey.Young,t)5MBnHqrT
US0000627,Stephen.Brooks,Vz6zWhXYr#
US0000628,Michael.Garrett,^VH16cg7&4
US0000629,Cathy.Wells,P(1NlhYiPH
US0000630,John.Moore,56dS2m(u(j
US0000631,Cindy.Bryant,lHFsV5mL*1
US0000632,Leah.Marsh,QT5MTDiim@
US0000633,John.Mitchell,!^^1ZLPuEa
US0000634,Edward.Robinson,5F5gkK0el&
US0000635,Heather.Campbell,W7tHPhSg+x
US0000636,Jacqueline.Thomas,ut8GXizB*Z
US0000637,Joshua.Fletcher,*)RM9Q^rd8
US0000638,Karen.Aguilar,#$A0Cu*eF^
US0000639,Xavier.Morris,%bw6sOK@2@
US0000640,Rhonda.Fields,GD9TWOoq!C
US0000641,Miguel.Gaines,Mr+Z6X*hgV
US0000642,Jason.Vang,70BH!4c++N
US0000643,Victoria.Chavez,^)V33Qml8d
US0000644,Laura.Myers,#n+8yiFbHo
US0000645,Laura.Casey,t97AfpTnc*
US0000646,Corey.Lewis,##g2KyYJpF
US0000647,Sarah.Ray,$O0nCau*b^
US0000648,Christopher.Perez,^U7(jS^mM+
US0000649,Maria.Simmons,j$8Y@Wl$Vi
US0000650,Antonio.Rogers,l#W56uJevd
US0000651,Laura.Henderson,e^W3LEwOQy
US0000652,Justin.Williams,L_j2Xp(l4!
US0000653,Kim.Hayes,U&&p01KyYY
US0000654,Christopher.Ramirez,v)cWn2Pk(U
US0000655,Adam.Moore,H1*r^YSQ@u
US0000656,Caitlin.Parrish,0z#Bkg8G_3
US0000657,Nichole.Camacho,$S6WWhtzUZ
US0000658,Steven.Wright,)eXa_G$21S
US0000659,Jodi.Kennedy,AgmsF6Sh$0
US0000660,Joshua.Cobb,%1WCw5Eibb
US0000661,James.Bridges,W4&**JZk))
US0000662,Kari.Rose,E718iUMsI%
US0000663,Christopher.Scott,@zT+6NxwI&
US0000664,Patricia.Solis,Clf2XmvQH)
US0000665,Christopher.Nelson,i4mA(pnL++
US0000666,Alexandra.Ortiz,a*X)$4PsD_
US0000667,Cheryl.Shaffer,yB4UxTeG^q
US0000668,Jennifer.Walton,0(62XVaPwk
US0000669,William.Rios,$KGi1VlyU2
US0000670,Henry.Duncan,dRP4UumzD_
US0000671,Kelsey.Perez,XTM6aWpmA+
US0000672,Paul.Jones,UwTQ(sGJ#4
US0000673,Michael.Frost,(0GvGVPcgZ
US0000674,Kathleen.Miller,b39$e$7x^U
US0000675,John.Shelton,#3BuqvN_8D
US0000676,Mary.Thornton,0(XK1tSf_A
US0000677,Barbara.Hale,@Rz$RXOob3
US0000678,Evelyn.Henry,&dVmqHVu9s
US0000679,Christina.Reed,5QW&(LeY&_
US0000680,Victor.Harris,^$^4INa7j*
US0000681,Karen.Mckinney,*9585YWj**
US0000682,Julie.Stone,JcJ15K%&2%
US0000683,Whitney.Chavez,eO(3S6goM)
US0000684,David.Ochoa,+WXJ9kcbA8
US0000685,Jeffrey.Dyer,3*W7P)zbhZ
US0000686,Tammy.Miller,dhK+HpVx*9
US0000687,Kelly.Hawkins,+C1Y8GTgU*
US0000688,Thomas.Fletcher,)M(1hKs)ji
US0000689,Kelly.Esparza,h@4Nw@KarU
US0000690,Matthew.Jones,(MWFlG0g6f
US0000691,Gabriela.Mason,(hjb4D1es_
US0000692,Jessica.Gonzalez,_%2Z81mxq2
US0000693,Glen.Grant,+r9OvsWc+S
US0000694,Hannah.Murphy,O+1583JzuU
US0000695,Jenny.Lester,U9#a5Bx4%h
US0000696,Maria.Smith,17@iFATo@O
US0000697,Robert.Higgins,*6S4SdioFT
US0000698,Suzanne.Orr,f4ZMA6Wp(s
US0000699,Paul.Rodriguez,X*4PaM$OOo
US0000700,Sarah.Gonzalez,Px15KenU*(
US0000701,Danielle.Farrell,p!1w8tXj8^
US0000702,Misty.Mcclure,^0pATqPS&n
US0000703,Susan.Thomas,i4oJ_Zv6#w
US0000704,Michael.Ponce,j%E70eNddF
US0000705,Samantha.Davis,f1YXrxdJ#L
US0000706,Shawn.Neal,2l4MxjbXB&
US0000707,Aaron.Hamilton,29sZjBWb#q
US0000708,Samantha.Rose,Qe%!6IFoGz
US0000709,Michael.Thompson,^T@Cr3az59
US0000710,Sarah.Huber,gi@+JK(B$3
US0000711,William.Bryant,kc1U8ZxLc%
US0000712,Christina.Conley,(H!H#TKja3
US0000713,Rachel.Heath,$E5Az1jZ%*
US0000714,Stephanie.Harris,^7RygrMl0J
US0000715,Edward.Evans,IX9&3Au$9$
US0000716,Caitlin.Harris,@VE!mcRW_6
US0000717,Mitchell.Cortez,b0&rGp^P+u
US0000718,Linda.Mcgee,)&pSB^uwT2
US0000719,Kevin.Warren,!9qJIak!4z
US0000720,William.Perry,m(e2sHKsf7
US0000721,Mary.Wong,6(V43wGm1U
US0000722,Daniel.Hunter,$4CcO9aLJm
US0000723,Sharon.Lopez,6e&0Mu61l$
US0000724,Jonathan.Ward,!1AMcYnma%
US0000725,Mark.Atkinson,L$%006IfYZ
US0000726,Emily.Griffin,(7abwBUSxW
US0000727,Ashley.Finley,R2DDhzYr$0
US0000728,Ashley.Harris,z(Z0E5Qm+N
US0000729,Jenna.Foster,!#HRpPVoT3
US0000730,Tracey.Yoder,17NgC@%r(Z
US0000731,Cody.Rivera,MWUs4)^vC)
US0000732,Joseph.Bailey,2JUth0vA_M
US0000733,Karen.Garner,m(n7OWw7a^
US0000734,Denise.Thompson,SO^69Kx6O6
US0000735,Jackie.Morris,^4J4GA$c4O
US0000736,Julie.Rogers,mK#r5WgEh&
US0000737,Paula.Thomas,)D*XClidA5
US0000738,Leslie.Anderson,znh0ZUvCG_
US0000739,Danielle.Ferguson,0LWuM07i&0
US0000740,Clinton.Pugh,Ajm&8Cl9PP
US0000741,Penny.Durham,4a7@SdXj_!
US0000742,Amanda.Mcmillan,Q)!S2Tw$eC
US0000743,Samantha.Tran,6J(60S_ncf
US0000744,Kevin.Harvey,t68WMGrf!j
US0000745,Victoria.Martin,!0uN!EYZ$u
US0000746,Kyle.Gonzalez,t^r^L7Tub3
US0000747,Cassie.Guzman,MX7&Xz4C3_
US0000748,Jodi.Woods,9U^eYhVd&X
US0000749,Robert.Anderson,hN_wIglN$5
US0000750,Isaac.Mclaughlin,&s#80Gr%3+
US0000751,Ruben.Taylor,dW9b6POu*v
US0000752,Adam.Kirk,S9SO8N3l&7
US0000753,Joel.Everett,nd2E6LVq(!
US0000754,Derek.Shaw,Jrd6IeLPZ!
US0000755,Mary.Peterson,p9DVYNZN(u
US0000756,Diana.Lee,i!5WVnRtIg
US0000757,Victoria.Wilson,&g9IWWx4@_
US0000758,Russell.Johnson,F^UNv2Wjbx
US0000759,Benjamin.Anderson,(SRGrlEb0g
US0000760,Christina.Martinez,(!Sd6SwQdh
US0000761,Victor.Saunders,)%7Bx5cNg^
US0000762,Jeffery.Bray,_YFpA+Lt48
US0000763,Jorge.Rodriguez,#b20Shn0#N
US0000764,Eric.Hartman,8wjb%NE6(n
US0000765,Danny.Vazquez,*zI*NR622_
US0000766,Albert.Shaffer,&*JG+mcN7c
US0000767,Michelle.Young,H%rPU2Oj6t
US0000768,Debbie.Bryan,2s)LPsVk!e
US0000769,William.Hoffman,1*PWcvGm%t
US0000770,Felicia.Garcia,3gIKkkfh(e
US0000771,Mark.White,w)9GrRVtSR
US0000772,Anthony.Sandoval,i(vW6QrfkX
US0000773,Jose.Jackson,^230CGwKKM
US0000774,Joshua.Wright,*3G@E1#Mxj
US0000775,Kimberly.Hanson,NKw!63CvMb
US0000776,Katherine.Flores,@d0xzEPhG9
US0000777,Stephen.Davis,$26QRJit$g
US0000778,Jamie.Steele,Ji24QD)vw(
US0000779,Christopher.Stanton,v)ur7Btc+I
US0000780,Daniel.Villarreal,L4xR3wfj%5
US0000781,Erin.Smith,$%8@__Zh@w
US0000782,Jennifer.Duran,+3c9LtGD!A
US0000783,Debbie.Graham,!!dO@pjD02
US0000784,Jonathan.Hale,ZH^2ACgkT@
US0000785,Robert.Ford,Jn_Aqygv+1
US0000786,Brittany.Gray,8+SaSD3T_V
US0000787,Carlos.Perkins,)bCwZ8F1m2
US0000788,Debra.Soto,Wz&Bj7ZhES
US0000789,Jaclyn.Valentine,#bC$71GOK1
US0000790,Meghan.Pierce,+p$7IK6uI*
US0000791,Matthew.Hayes,_qpZPuKnY7
US0000792,Katrina.Matthews,#a9iD@cgtN
US0000793,Kelsey.Glover,_m9KDpas4M
US0000794,Gary.Collins,_1+AQ_XqCF
US0000795,Rhonda.Mcbride,K7KedHuX%%
US0000796,Dennis.Kelley,)@b^9Adoac
US0000797,Elizabeth.Phillips,)0BEQNr@%%
US0000798,Sean.Tucker,#3gqF@Ujau
US0000799,Dawn.Chapman,5pWxM+V5@U
US0000800,Andrew.Craig,XN3%8Ata%U
US0000801,Monique.Perry,$Pr5EKo4X0
US0000802,Tyler.Medina,_@a0Pz%xxt
US0000803,Margaret.Ramirez,_wlt7AvZe@
US0000804,Ashlee.Odonnell,vFz2ZRYj3#
US0000805,Patrick.Cruz,m2EM7k)6&v
US0000806,Joshua.Huff,^8ER0H+6mc
US0000807,Katie.Vazquez,DY3k+Kdiv(
US0000808,David.Alexander,W)v)&98izJ
US0000809,Amy.Brock,@(7KhM^b!K
US0000810,Matthew.Coffey,O8Zz#v0o_y
US0000811,Erin.Newton,($y3*L(tHC
US0000812,Jeffrey.Carroll,V(6LpM!QWh
US0000813,Angela.Jordan,h48IgcOXK%
US0000814,Donald.Stevens,9xQe!3Gds0
US0000815,Michael.Welch,x1N7Wl4vM#
US0000816,Valerie.Bryan,&#bvq3Jc#U
US0000817,Benjamin.Nash,b5pNS$y8)k
US0000818,Amanda.Reyes,*PrDEtcc20
US0000819,Daniel.Jones,v0I^g5l%&G
US0000820,Nancy.Powers,+pL3vmot_2
US0000821,Ashley.Blanchard,kt9$b7J$)6
US0000822,Julia.Thomas,!4xg$6xlMT
US0000823,Madison.Whitney,#IXWXmv^2Z
US0000824,Lee.Munoz,#3rAP)oQ@H
US0000825,Sarah.Anderson,nkUDmJwj^2
US0000826,Megan.Henry,Dg32K5yiO$
US0000827,Patrick.Ellis,)deN^uaNV3
US0000828,Monica.Cooper,G(N4HYUxnn
US0000829,Rachel.Clayton,)49BLd+dBY
US0000830,Christopher.Flores,G1GLHklI%1
US0000831,Cassandra.Carter,3w8#1YUt!#
US0000832,Joanne.Nichols,Id1RFrJb@(
US0000833,Matthew.Carr,GtOy1DIs$0
US0000834,David.Dalton,85K1TEvlZ#
US0000835,Joshua.Jones,i2kXfFqq#f
US0000836,Ashley.Brown,)0YJ08bE4O
US0000837,Danny.Miller,I8#P1D6y)N
US0000838,Maria.Hammond,k8N!rOqo#o
US0000839,Kaylee.Moore,5%(i9Nv^ec
US0000840,Tara.Smith,2Z2lYCl^J(
US0000841,Louis.Hill,_4$U83_QSw
US0000842,Tonya.Byrd,(2+x7*AuIP
US0000843,Stephanie.Hicks,!Ce6VgZ8$L
US0000844,Melinda.Stone,72%OuFM+_r
US0000845,Thomas.Gay,eW#1XYcE+E
US0000846,Shelley.Bender,o7AVGW(j*7
US0000847,Nicholas.Johnson,z0p2OOVw*G
US0000848,Scott.Sanchez,t@rhH3XbjF
US0000849,Jessica.Sanchez,0LJkIOq&&7
US0000850,Kristin.Mcdaniel,fZ$C*1^p)0
US0000851,Cindy.Collins,V&S*0kIsJj
US0000852,Lauren.Gay,D(743oZjXF
US0000853,Allison.Hill,(gGvJuNxI7
US0000854,Gabrielle.Blanchard,1v(9Skwm$X
US0000855,Timothy.Ward,)^6JGmSn7@
US0000856,Susan.Crosby,#99F6bgLgn
US0000857,Cynthia.Quinn,&YY3WcxB8*
US0000858,Eric.Soto,^fWxW%#wW4
US0000859,Tiffany.Watson,otI38SpJ*)
US0000860,Pamela.Lee,U)1Ff3rg!*
US0000861,James.Nguyen,&sxAXGl00z
US0000862,Tara.Thompson,k7ZHQkjU+m
US0000863,Rebekah.Hill,#9c2mEeEfc
US0000864,Emily.Beasley,u)#4OiKbno
US0000865,Larry.Smith,ZXC2MExj_A
US0000866,Jill.Smith,mOJfWfby!1
US0000867,Rodney.Serrano,o4#m5vRx+F
US0000868,Michaela.Clark,$8s^Kut_S2
US0000869,Stephanie.Allen,#hB@agl&$6
US0000870,James.Rosario,Kpn0vMGb%A
US0000871,Cynthia.Pope,a%%3nFMbqM
US0000872,Donna.Alexander,*CvteU0kV8
US0000873,Mark.Stewart,r#!g4Tg@av
US0000874,Lindsey.Anderson,euaNHQbN$9
US0000875,Danielle.Burgess,)7O!AKhkOq
US0000876,Christian.Garza,@0VCQCneiF
US0000877,Jennifer.Sanchez,(vL3&EedcX
US0000878,Michael.Mays,QvadPkZE^9
US0000879,Kenneth.Frost,nk6DnvE2t_
US0000880,Kenneth.Orr,%ga2CspjeZ
US0000881,Tammy.Johnson,^55T!Qg+EL
US0000882,Joseph.Williams,+6LQsjyf5I
US0000883,Melissa.Brown,+R8Ds2LR8Q
US0000884,Austin.Jacobson,_9!tbAglfh
US0000885,Allison.Hamilton,o6m+Gbem@f
US0000886,Kimberly.Hayes,_9QC%kH!&a
US0000887,Lisa.May,)g_2lrXu#%
US0000888,Christy.Osborne,Y3UFL0Su#X
US0000889,John.Wood,&V7@$QlAXH
US0000890,Shannon.Brown,aL#1YxRwAi
US0000891,Cynthia.Navarro,71_z5QJmZ$
US0000892,Timothy.Snyder,^#V7)RWmLy
US0000893,Hunter.Rivas,+8Jf+ngiE+
US0000894,Michael.Parks,&RCGfbFY43
US0000895,Brian.Cole,4ZEFqV1i(I
US0000896,Kenneth.Donovan,9*jh34Tw*2
US0000897,Denise.Carson,+0uJT(be*Z
US0000898,Anthony.Lamb,pO3I%f6k!&
US0000899,Kristen.Taylor,%#dOTKt6l4
US0000900,Javier.Rodriguez,T+Ep8F!r4Q
US0000901,Colton.Black,607@Kx$A*y
US0000902,Christopher.Mcgrath,)9Vn#^EOt5
US0000903,Brenda.Brown,L_3&Niy4f+
US0000904,Jason.Howard,QfLX6hR_j^
US0000905,Omar.Thompson,%1S#a%JL!o
US0000906,Joseph.Garcia,N*YgS3BiLV
US0000907,Melanie.Lewis,^Ic&F*pyM3
US0000908,Cynthia.Schmidt,$xUGH%9Wh6
US0000909,Sharon.Pope,(2LHfcMy_#
US0000910,Amy.Holmes,%Q55T8g+&A
US0000911,Alexandra.Hudson,0bK*6XhrV#
US0000912,Gina.Velasquez,#!MkbLJn%8
US0000913,Andrew.Hughes,&pK8ZAlxk9
US0000914,Rebecca.Martinez,3&B57Mx&4&
US0000915,Anthony.Scott,sLx9o@Ezj_
US0000916,Alexis.Perkins,h*7Teftr@K
US0000917,Jerry.Terrell,II_%3Nih%%
US0000918,Jeffery.Hawkins,(Ma0Oe5%Z0
US0000919,Jermaine.Graham,Jp5SGxCm^^
US0000920,Samantha.Love,N#2LA_i(@c
US0000921,Elizabeth.Duncan,JI*4FCv7Nw
US0000922,Daniel.Johnson,97G3sBgi*Q
US0000923,Brianna.Berg,^!T&7Kzs_R
US0000924,Paul.Cohen,&*o4WhjvF2
US0000925,Cynthia.Sutton,X8IpQhk2*b
US0000926,Bradley.Powell,1J#l0HVi(&
US0000927,Douglas.Aguilar,ss_0n8RuAq
US0000928,Travis.Jackson,@9F3lAjzEK
US0000929,Mary.Anderson,!O5#siRkh7
US0000930,George.Grimes,epEK2ZiSl!
US0000931,Charlotte.Pitts,gs)M0D2yIW
US0000932,Cameron.Vasquez,84pGIli^+X
US0000933,Michael.Kelley,bx0XTH_ga)
US0000934,Sarah.Malone,7XxNuVua_J
US0000935,Maureen.Bailey,#GqXZqlF4f
US0000936,Cassandra.Brown,(4ZfQmi!x2
US0000937,Lisa.Rivas,YM33hjIga+
US0000938,Robert.Pena,!4H8e5s4my
US0000939,Matthew.Gonzalez,f^5Kuw34Rw
US0000940,April.Schneider,9_T9RHso%5
US0000941,Sherri.Blackwell,#C44Omni5t
US0000942,Nicholas.Perez,(2(fCjOc_V
US0000943,Courtney.Mitchell,&82OVEtc^x
US0000944,Selena.Scott,0MW9Rody_u
US0000945,Joseph.Davis,tt3EaHzSM!
US0000946,Pamela.Robinson,(6XT4@GoZ9
US0000947,Mark.Torres,hH&2SHq+t!
US0000948,Lauren.Proctor,6zZGVbUK+2
US0000949,Adam.Williams,k!4dDzYex^
US0000950,Timothy.Edwards,TeA1VGzr&9
US0000951,James.Fitzpatrick,N_e1+Xgg$^
US0000952,Stephanie.Robinson,_21SDWxg4(
US0000953,Jimmy.Newman,Z)82_)Rtb3
US0000954,Kyle.Berry,OaqR0Vr0@3
US0000955,Sydney.Hardy,Iw9g0Zfg^R
US0000956,Robert.Moore,CCcG+S@b_2
US0000957,Patrick.Macdonald,RN2GnHCgX)
US0000958,Amy.Moore,U9#HVvxe)U
US0000959,Tyler.Stephens,x(0(G%gtfV
US0000960,Gregory.Carlson,N1d#JgTt*L
US0000961,Brian.Johnson,)Y%9VZRxDn
US0000962,Michelle.Hancock,2e^5H9TBK+
US0000963,Joshua.Jones,X0V^0HBxpl
US0000964,Courtney.Jackson,!L5vXq*i(p
US0000965,Jeffrey.Hardin,e2^yK1Lh^v
US0000966,Larry.Mendoza,hGXxXvun@9
US0000967,Shawn.Ball,*GTE0Xu_#z
US0000968,Lisa.Young,!u(%EIxB6p
US0000969,Debra.Hunt,d@5yNn8j_R
US0000970,Carolyn.Dalton,S#L8Eug@zH
US0000971,Eric.Kline,@1O&Yt9vLi
US0000972,Troy.Valencia,R6dAB9L+)z
US0000973,Kristin.Velasquez,1pwSKOpK@%
US0000974,Ralph.Leon,e1*gDGig(1
US0000975,Judy.Bartlett,&p4qHwx^R2
US0000976,Jennifer.James,OG(9XPhD%)
US0000977,Elizabeth.Bennett,MJ#6FLyDJo
US0000978,David.Shepard,e&i3aORrg)
US0000979,Ashley.Boyle,#d6hMyL#$^
US0000980,Susan.Smith,_087ExvuO&
US0000981,Melinda.Evans,XqITY#tv+5
US0000982,Kevin.Goodwin,!hyLoqPjy6
US0000983,David.Martin,@64HwCnYk_
US0000984,Laurie.Carlson,m)u1W@1oCe
US0000985,Jacqueline.Holland,02f$vFDuM^
US0000986,Adam.Johnson,*dxRF3m8)3
US0000987,Carlos.Myers,MHa71B@uK!
US0000988,Alicia.Bailey,3_P3qZaX@c
US0000989,Carlos.Perez,e$3MItunzo
US0000990,Howard.Wallace,j0qEU_iB!U
US0000991,Brittany.Baker,&9gXjUgMuq
US0000992,Victoria.Rodriguez,pqy9KKzVI^
US0000993,Brian.Herrera,H6sAiMyo!+
US0000994,Yvonne.Serrano,$2AY$NI_Yg
US0000995,Laura.Cabrera,UXm4XxEhz%
US0000996,Deborah.Johnson,+5vxEpD9_a
US0000997,Nicholas.Mccoy,)41O^z#l%K
US0000998,Michele.Wright,_68nj7OiO)
US0000999,Eric.Johnson,)8AFAWBxuQ
US0001000,Mason.Mooney,H9&oKffk)a
US0001001,John_Mcguire,0NM05ZjX%e
US0001002,Heidi_Valdez,^46E@ElxN2
US0001003,Valerie_Carney,HT4fZ2Of9@
US0001004,Samuel_Hernandez,!yitKk$hM9
US0001005,Christine_Harrison,k59#j6Wu9@
US0001006,Julie_Reed,_ULOn8&xw6
US0001007,Paul_Cruz,10GDXXkm(d
US0001008,Samantha_Dawson,5z&18LThRB
US0001009,David_Walsh,o9!kxGxz^V
US0001010,Brandon_Patterson,ql4OQs5k+(
US0001011,Patrick_Franklin,1WJvp^##$n
US0001012,Cody_Martinez,Pb2QkeDwO+
US0001013,Joseph_Allen,Dk_5nUyQEL
US0001014,Melissa_Buck,6pF9dhBwo&
US0001015,Matthew_Velez,*&hpb2Pl@T
US0001016,Zachary_Green,4qe0GRAq$6
US0001017,Antonio_Howard,_P9yYQeozz
US0001018,Michelle_Mccann,n&EN6(XiQT
US0001019,Keith_Allen,yFq+1Epn@6
US0001020,Megan_Ball,B!4YBbm#jF
US0001021,Heidi_Dennis,#s19EDaNTl
US0001022,Lindsay_Bailey,#3MWVIdsD7
US0001023,Valerie_Mitchell,T+nruXyU%3
US0001024,Lindsay_Hart,@8SUZa+q8J
US0001025,Jennifer_Newton,H5GFT_ms)B
US0001026,Deanna_Gonzales,@69Z9aSu2!
US0001027,Deanna_Davis,HTd+5ItTL5
US0001028,Ashley_Cardenas,b)j$6CZe4l
US0001029,Tammy_Taylor,!jdbzXv95G
US0001030,Charles_Palmer,Ba4+^Vd4P+
US0001031,Joseph_Mendez,3AWAhHl!(1
US0001032,Rebecca_Freeman,!^1PSR)x+a
US0001033,Randy_Stone,^4EChRFdt6
US0001034,James_Hunter,V^4)%Atv@g
US0001035,Mia_Kim,8n7OEpwYh)
US0001036,Amy_Kerr,(X*3&Lsy8$
US0001037,Jacob_Smith,k3Aep5YI!v
US0001038,James_Gonzalez,7@#FZZYs)7
US0001039,Tamara_Mendez,A+4K9@wE)&
US0001040,Don_Harper,!Afo!YTb86
US0001041,Chloe_Rodriguez,45ZXgH$7^o
US0001042,Cindy_Cunningham,)xV8LjZ^6#
US0001043,Bryan_Glass,&ce1UEllY+
US0001044,Christian_Dawson,d*4T1AKmT!
US0001045,Andrea_Buck,4AZHrdjs(B
US0001046,Stephen_Decker,+P5XYwSrP6
US0001047,John_Robinson,W+Ow4Ct_Yn
US0001048,Samantha_Ferrell,E^2fHa7tQ8
US0001049,Erin_Alexander,TR5%S!fr^j
US0001050,Heidi_Rivers,l4_+%U^x(8
US0001051,Kaitlin_Moore,H(1^t3hZQW
US0001052,Michael_Hill,(8YI2CEq1j
US0001053,Jeremy_King,&3J^aUro6_
US0001054,Connie_Benson,Z4Tot2FY(C
US0001055,Christopher_Moore,9*C8UIRs(n
US0001056,Crystal_Tyler,$nTRM*zG&3
US0001057,Barbara_Gonzalez,1t6NNdzk&k
US0001058,Janice_Nielsen,_2gQUv%At+
US0001059,Caleb_Hanson,umA1qvDw_6
US0001060,William_Kennedy,29mB8Ur@!k
US0001061,Catherine_Burns,C^4wpMnp_j
US0001062,Garrett_Mitchell,&A)c6V&nA^
US0001063,Charles_Johnson,+5M#8!ZbuI
US0001064,Megan_French,33RjOUC6&U
US0001065,Tiffany_Rosario,3Y1UJvUzy)
US0001066,Jose_Taylor,d$9W8hz#+J
US0001067,Ryan_Flores,X^5hOB0z&2
US0001068,Michael_Roberts,T&@E9XcYoA
US0001069,Stefanie_Dunn,e97@AzfQ&@
US0001070,Jennifer_Evans,$o5WRalUOb
US0001071,Brian_Escobar,)0ZHA)eROe
US0001072,Vernon_Harris,Y0@A#aW1@p
US0001073,David_Miller,5!bAskBn$0
US0001074,Connie_Bailey,PUl&8kSy6Y
US0001075,David_Adams,Xk0Ktly#+p
US0001076,Steve_Cross,dyEn1Hus+T
US0001077,Debbie_Maddox,Cfc4A1wi%d
US0001078,Tracey_Perez,&05oRAf)!0
US0001079,Wendy_Davidson,#46GdxF_m%
US0001080,Patricia_Powell,_08VKDFd^)
US0001081,Christopher_Bridges,Xjtp2KRd_3
US0001082,Andrew_Martinez,+LX^_mDr)5
US0001083,Christopher_Smith,DRfp5Lkhj_
US0001084,Garrett_Lopez,5pS^Adm1#M
US0001085,Linda_Patterson,#92^tWr_m0
US0001086,Amber_Edwards,5!1rGpW#3F
US0001087,Matthew_Richards,^GNRB(d_m2
US0001088,Deanna_Pittman,^s8dI0kPk&
US0001089,Brian_Hanson,C4CfEG!s!1
US0001090,Joshua_Martin,+9$HYeqk%G
US0001091,Margaret_Bonilla,4(JJJ5Szbl
US0001092,Cameron_Greer,I5F!vWvN*3
US0001093,Natalie_Kim,^BbA1Uuzu8
US0001094,Chelsea_Zhang,+lhXV(mpQ4
US0001095,Christopher_Ward,(Y50!Ckz7P
US0001096,Robert_Noble,^#j23OgK38
US0001097,Elizabeth_Terrell,R@6@Pqc$_f
US0001098,Jacob_Taylor,q%7mS$dv%E
US0001099,Allison_Kirby,4@6OH5lpjF
US0001100,John_Bass,H3tCQrjH&E
US0001101,Bob_Lucas,#*8NWvo0#Z
US0001102,Jerry_Lopez,x*lM5TLgra
US0001103,Michael_Blackwell,Z_t5IjHi&_
US0001104,Pamela_Grant,s)z3+Dqk+O
US0001105,Eric_Williamson,+5aI*iSs)I
US0001106,Daniel_Velasquez,hdK7e1Gf@E
US0001107,Anna_Mcintyre,e!_46X3y*N
US0001108,Scott_Lopez,x7EqNz))%n
US0001109,Jessica_Blake,%*UViLwG9x
US0001110,Michelle_Carlson,agTeDjx&+5
US0001111,Jonathan_Gallegos,&8iL_61!ju
US0001112,Aaron_Hardy,^fYloHAM1y
US0001113,James_Schaefer,u)4P2ZcLAh
US0001114,Erik_Little,_%ThnnHW13
US0001115,Anthony_Hardin,quRnYxLh^1
US0001116,Amber_Wilson,W6v5YSkO3%
US0001117,Daniel_Lee,+CcG1Cz24x
US0001118,Melissa_Castro,wwTA2$fm%1
US0001119,Shannon_Ortiz,halwKvRm)6
US0001120,Jason_Guerra,#8qKHZTk$g
US0001121,David_Murphy,*d4Y)BVbnU
US0001122,Michelle_Torres,Kg4!jVYsa$
US0001123,Karen_Roman,kl9Akweo+8
US0001124,Katie_Banks,MHY8F0#kJ_
US0001125,Kelly_Cruz,lCOF_zvm)4
US0001126,Jennifer_Reed,I!(6JeSun(
US0001127,Courtney_Ward,_A8SMeKgCt
US0001128,Lauren_Gomez,k48UbIJc#)
US0001129,Charlotte_Goodwin,o328xAK7@J
US0001130,Jermaine_Sanchez,nAd60Jn5d*
US0001131,Martin_Kelly,(3KxywVG&J
US0001132,Jessica_Thompson,X$2&B+Rn2f
US0001133,Kevin_Young,n@7m2YvLAa
US0001134,Chad_Spencer,X&4_Gu3o1E
US0001135,Keith_Johnson,M(726Jdu#K
US0001136,Edward_Torres,&x5sRRRyCU
US0001137,Debbie_Wilson,PAV@$iz3*6
US0001138,Alexander_Garcia,OTl2WdB3!t
US0001139,Lori_Richardson,7EoYsfMS+8
US0001140,Benjamin_Ramirez,f_4UVB5mKM
US0001141,Sarah_Holland,(b5htOBz&5
US0001142,Victoria_Horne,W*$!Clju&0
US0001143,Dan_Coleman,qf29Qcf3P*
US0001144,Lisa_Faulkner,Ao1QtNR)B%
US0001145,Alison_Fisher,25&QNpUO&!
US0001146,David_Wilson,r*75Xeds*!
US0001147,Alexandra_Allen,d41F1mK&%9
US0001148,Jack_Thompson,m*J8Y9SkH%
US0001149,Eileen_Short,$8z1vRDdl1
US0001150,April_Mercado,q56NFox!*M
US0001151,Shane_Allen,_di$ANUdN4
US0001152,Stephen_Shepard,$0Cm91j*%a
US0001153,Raymond_Santiago,vc0OeaOyf!
US0001154,Tony_Williams,X#w(%0qp+L
US0001155,Dawn_Aguirre,%Cf1XRRq_)
US0001156,Jason_Walsh,L67KOuf$!r
US0001157,Sharon_Nguyen,@+E7McVj#h
US0001158,Ashley_Young,zjK80Nnw(W
US0001159,John_Acevedo,wYn7Ozr((0
US0001160,Tracy_Allen,Im+t89Ad%E
US0001161,Michael_Odonnell,!8t8mVAu*C
US0001162,Melissa_Harding,z&6(Nr&2@U
US0001163,Denise_Ford,6WXZUgpn+G
US0001164,David_Gibson,&3lSfRnBDl
US0001165,Richard_Baxter,ECS5yMaS$1
US0001166,Jessica_Murray,@G2KUOx9FE
US0001167,Daniel_Thomas,6NYhu9ghO&
US0001168,Michael_Brennan,@iYF7Nowq0
US0001169,Michelle_Luna,*+Pd5@Npf%
US0001170,Brandi_Jenkins,A*h3Xyru%s
US0001171,Mary_Boyer,7qdhBUuM%G
US0001172,James_Ashley,)_F7t5Jxmu
US0001173,Jennifer_Gordon,Q5GM%@%r#k
US0001174,Jacqueline_Randall,@TXeRQvpu5
US0001175,Marcia_Chen,hjCJ9KlS@2
US0001176,Dylan_Bell,bE9+MtSD+_
US0001177,Joshua_Klein,@6pVmb2)&J
US0001178,Angela_Norris,+$ewE+miU1
US0001179,Crystal_Bird,)30fAxYblp
US0001180,Kyle_Williams,@q%3pNgW59
US0001181,April_Gallegos,(2H#sUos8g
US0001182,Gregory_Henry,kR1CYVYs$k
US0001183,Jennifer_Gonzalez,HI)#*6TtzF
US0001184,Joseph_Garcia,+2Xir)lhC+
US0001185,Ryan_Chavez,^$1QiDRtW*
US0001186,Aimee_Hartman,$9%6MW#3zw
US0001187,Cindy_Berg,lt@XMgu($6
US0001188,Brittany_Mitchell,%wCZuYVY8^
US0001189,Robert_Davenport,!U^48T%prM
US0001190,John_Nolan,+KY7DzyqD*
US0001191,Benjamin_Burton,%6yW$y%DkJ
US0001192,Morgan_Walker,i+1UlD99uT
US0001193,Linda_Cunningham,4pWmkN+b&5
US0001194,Dan_Garcia,D)9LBHej)i
US0001195,Jeffrey_Guerra,k9^IWDHy&Q
US0001196,Chelsea_Pierce,*1ybr6foYT
US0001197,Kathleen_Perry,7$AVor11+k
US0001198,John_Mullins,VZ6#HNqj)^
US0001199,Heather_Hanson,)MGhNbTu2w
US0001200,Steven_Figueroa,$fuBvi@rJ7
US0001201,Earl_Johnson,x(4mIr@o^0
US0001202,Robert_Duffy,*A1G6OKhF@
US0001203,Wayne_Hayes,_1WSj!Ect2
US0001204,Debra_Houston,7Wewszbl)3
US0001205,Deborah_Wilson,+7K@mj#zD#
US0001206,Isabella_Jones,C$9HouEC^8
US0001207,Benjamin_Clark,!y8wLicK!s
US0001208,Melissa_Carter,g5$MmjiE$5
US0001209,Christopher_Sawyer,wp7W_eBwq!
US0001210,Kimberly_Garcia,UZ6F8Slu@P
US0001211,Samantha_Ross,$mw3KSy*nC
US0001212,Danielle_Aguilar,tt@_Zx!P*5
US0001213,John_Riley,2oJhja&f(6
US0001214,Patricia_Hobbs,%3RaXgx_yy
US0001215,Cory_Sutton,d^9mZcuQ&&
US0001216,John_Lewis,0d82rAwC5%
US0001217,Cameron_Vaughan,!5AbysD&Mg
US0001218,Jennifer_Andrews,%2y^2WWa01
US0001219,Laurie_Patterson,dw8NBek6*i
US0001220,Angel_Thomas,A5ip$NLqk#
US0001221,Jason_West,(Gi5sPiv_d
US0001222,William_Lopez,^_#JtcXf+6
US0001223,Matthew_Vega,)^#XQ^t2^9
US0001224,Kelsey_Maddox,e$9FpZAS&E
US0001225,Alexander_Flores,a@5JJNeD1W
US0001226,Anita_Schroeder,&kzCwLYCg6
US0001227,Sonya_Sims,v00KO8KtZ!
US0001228,James_Gibbs,$jdY5z1xI7
US0001229,Ann_Silva,%07kWpmL%S
US0001230,Nancy_Torres,g^WIlnIh%3
US0001231,Gabriella_Garcia,_0cq0Raj@M
US0001232,Chad_Flores,#2PBb*rq^p
US0001233,Veronica_Bruce,QS7D4n&l)8
US0001234,Robert_Thornton,(E!z5RXbmH
US0001235,Juan_Diaz,wgT21uDva#
US0001236,Mary_Gibson,l05MDbXC+Z
US0001237,Wayne_Peterson,Oz0BGZ2fN#
US0001238,Sharon_Mcdonald,cAS!5kTunv
US0001239,Diane_Berry,y#4AJkl(_i
US0001240,Caleb_Campbell,5g%8Zniqj^
US0001241,Kimberly_Ross,e!Mq4KGvan
US0001242,Robert_Taylor,!6U64ZPe&6
US0001243,Jennifer_Lee,)5Wc8E1gYD
US0001244,Kevin_Williams,4sN@q$SS_9
US0001245,Katherine_Santana,%7Q3DhJjHT
US0001246,Brian_Sheppard,_rKSWCxYB4
US0001247,Jennifer_Ramirez,G%+_9OkQY&
US0001248,Francisco_Mora,60FwdvGo%d
US0001249,Christine_Meyer,+%mF1AjbKv
US0001250,Taylor_Kirk,D$3HYCfWL)
US0001251,Cody_Andrews,&i1YPewK8O
US0001252,Mark_Houston,0)XYc*y($N
US0001253,Robin_Gomez,t9YXaDl7%+
US0001254,Jeremiah_Harris,hWYHiqaR%7
US0001255,Crystal_Robles,T$pz5(Ek(4
US0001256,David_Velasquez,!$S6++yha5
US0001257,Melissa_Solomon,Xn!N8H(uPw
US0001258,Jasmine_Preston,mM6UTsAk$N
US0001259,Chelsea_Johnson,jR8UnaNMs(
US0001260,Gregory_Thompson,Y0VY#WJr*^
US0001261,Joshua_Morton,9%)@2FzyD9
US0001262,Candace_Green,_NW9OB3k*_
US0001263,Crystal_Smith,**3@DcxfXV
US0001264,Carmen_Chung,Lf4&9UNj*s
US0001265,Debbie_Neal,#lB3B&EaS+
US0001266,Shawn_Khan,8+r9WS1i5o
US0001267,Maria_Hart,uL*n7SwrhT
US0001268,Michael_Morales,$xoBvd*D6c
US0001269,James_Owen,1#6TiLf#0c
US0001270,Jessica_Bell,^9M9VwmhW7
US0001271,Paul_Castro,3Ce8yNKe&g
US0001272,Tammy_Powers,4dx4IWt@(5
US0001273,Brett_Fernandez,7pt+SCh*^6
US0001274,Jeffrey_Montgomery,QP(K2KqZ(a
US0001275,Lauren_Edwards,$W#UgQff_4
US0001276,Rose_Turner,3tXb99OV7#
US0001277,Sandra_Harvey,L*a+3yGiIC
US0001278,Erik_Calderon,*551T+Mmem
US0001279,Sheri_Campbell,Nm2PhMtxQ^
US0001280,Patricia_Thompson,_S)k3Zxu%+
US0001281,Donald_Lewis,&WTY#u0_s1
US0001282,Jonathan_Evans,*5ReR9zPo0
US0001283,Autumn_Sparks,+V6B1Iy2@t
US0001284,Andrew_Cisneros,GS$5J!wc2O
US0001285,Joseph_Williams,!zS6jM+W!4
US0001286,Lori_Barnes,^8_JCxeAO3
US0001287,Jacob_Wood,DygH1X_%c)
US0001288,Alexandra_Tyler,@Dj+MGoy22
US0001289,Jon_Williams,g&5h4VQr6_
US0001290,Amanda_Ortiz,)C$6EEIwQI
US0001291,Eric_Lee,1_9@0XGili
US0001292,Michelle_Rivera,f(irLkAz(7
US0001293,Jennifer_Owen,_G2KnDac@_
US0001294,Melissa_Rodriguez,f#4cH2Ridq
US0001295,Patricia_Ritter,&Ia9Lg7aEY
US0001296,Samantha_Paul,ZKUB5I_x_p
US0001297,James_Thompson,128R56fZ(0
US0001298,Derek_Adams,z#^C7WxItH
US0001299,Justin_Jones,LEOo5InZ%5
US0001300,Benjamin_Villanueva,+s98AWst#M
US0001301,Brent_Lawrence,8scHpvni&u
US0001302,Theresa_Brooks,80#GFmcb!Q
US0001303,Brendan_Novak,_4(a+CCb7I
US0001304,Jerome_Campbell,%!c^4A4xK*
US0001305,Joseph_Fisher,MiQE*8KolT
US0001306,Andrea_Hernandez,s(Z6Vd#k&R
US0001307,Brenda_Ballard,_+g*dXJbx7
US0001308,Brittney_Gibbs,m3(vdCeE$3
US0001309,Joseph_Jones,)V5MiWiT8T
US0001310,Chelsey_Taylor,2xY3Eg23)0
US0001311,Patricia_Foster,y^N#JI(w+5
US0001312,Connor_Jackson,+4wYDTtPk2
US0001313,Brian_Hancock,ZCv9uIt9+c
US0001314,Matthew_Cooper,J51YR6Fph@
US0001315,Jamie_Martinez,!W8gPe7fUq
US0001316,Karen_Barnes,)c%U0Bah@h
US0001317,Cheyenne_Chavez,km9B5wth^3
US0001318,Brianna_Robinson,*d4&N(kt_B
US0001319,Michael_Hudson,$X8alXpoV0
US0001320,Candace_Johnson,ZZ*F76GwAB
US0001321,Mary_Ferguson,0&12VEyy(D
US0001322,Cynthia_Castro,_KX7SqGxRR
US0001323,Danielle_Aguilar,&T7NderM^d
US0001324,Debra_Hamilton,*N0K8FmU6R
US0001325,Vanessa_Ellis,^M7Bg0EBCE
US0001326,Denise_Greene,E#wafNkb$4
US0001327,Michael_Rose,(3C7noDTxk
US0001328,Dustin_Walsh,$jfIjPAde4
US0001329,Charles_Marks,(5eMnrOsZ9
US0001330,Jeffery_Schneider,!U&0BWyvb9
US0001331,Melissa_Romero,(76FwSr)Wc
US0001332,Becky_Oneal,^@6$9Npe#b
US0001333,Amy_Jordan,iv!9J6OjF&
US0001334,Laura_Williams,A57$5Rci%0
US0001335,Kelly_Crane,@I5V2%0iK*
US0001336,Jessica_Monroe,+fHIdylq*9
US0001337,Shawn_Perez,Bi8zOG+fT+
US0001338,Rebecca_Garcia,$euEj^^D2t
US0001339,Gerald_Gonzalez,i8n5He$gP*
US0001340,John_Wells,qOGThABS$1
US0001341,Julie_Foster,pa^R4Ux#0P
US0001342,David_Perez,#10(pWzstj
US0001343,Lisa_Ball,QknesQkn#4
US0001344,John_Woods,O3I!BrrV&M
US0001345,Daniel_Rocha,cQ9#M^tsP@
US0001346,Arthur_Johnson,NsOmW9b&_6
US0001347,Samuel_Jackson,%9TQSl_DFe
US0001348,William_Benitez,*%y28RDvSi
US0001349,Gregory_Meyers,WD1lAd)F(r
US0001350,Robert_Cooley,f)7HCpxYug
US0001351,Brandi_Douglas,$03Nc7Acue
US0001352,Timothy_Roberts,g9sNRw#R%l
US0001353,Julia_Stevenson,e&zMghX7Vh
US0001354,Roy_Jones,kHo#0CEv%U
US0001355,Tammy_Boyer,+^*2AFhliG
US0001356,Ryan_Young,X8R2qzc1*!
US0001357,Brenda_Sanders,fvZktV^Y_5
US0001358,James_Chapman,+RsYbaDR&7
US0001359,John_Johnson,&5BLaSQL9i
US0001360,Jacob_Parrish,+)k47A4xIY
US0001361,Russell_Walker,@Zvl7Lhn*x
US0001362,Thomas_Bowman,83pD8jSf_B
US0001363,David_Cooley,D96IiT)m%4
US0001364,Lisa_Barr,#x%I+bHcS6
US0001365,John_Scott,ii4YyCkm*D
US0001366,Arthur_Hernandez,n2Ksmo$K@4
US0001367,Janice_Russell,@8tqROvi!E
US0001368,Kaitlin_Mcdowell,*7M2_3cziA
US0001369,John_Hughes,18TT6tCV*v
US0001370,Stacy_Gibson,1VhCqDUZ$m
US0001371,Joseph_Garza,#2zdzSnnD#
US0001372,Mario_Valenzuela,!8DwUiLs(s
US0001373,Jason_Michael,6r_L7Gcs$n
US0001374,Cassandra_Davis,i1eXZmq2_r
US0001375,Megan_Williams,PKJ7OLdUF*
US0001376,Denise_Watson,l2v)3Xc@gD
US0001377,Marvin_Johnson,izL4VfQS7%
US0001378,Anthony_Reid,JdLL7NIh@_
US0001379,Gwendolyn_Neal,W*5LnsDdiI
US0001380,Kevin_Li,@^d8exKg81
US0001381,Miranda_Weber,HowC7vSb%0
US0001382,Breanna_Thompson,V$6YIZJ*Eq
US0001383,Alexandria_Warren,H+8!FarqXX
US0001384,Jose_Hall,xW!C2EOs5^
US0001385,Russell_Mcclain,D%!90Ax3Q%
US0001386,Isabella_Hall,x448RNjp(!
US0001387,Troy_Woodward,!4q)49Lh2f
US0001388,Kristin_Salazar,+BO2U1#h(2
US0001389,Nancy_Lamb,hA+6tIaO4!
US0001390,Donna_Dominguez,p3q#STIf%b
US0001391,John_Allen,#FTRA1Kf6z
US0001392,Ashley_Espinoza,#1LM)sck)9
US0001393,Lisa_Mahoney,7Qv3(Yve(B
US0001394,Richard_Mitchell,#z)QjhRlI8
US0001395,Brittany_Becker,!#0P2yup5_
US0001396,Norma_Ellis,_tP3Xb$+Ou
US0001397,Amy_Marks,)qp3Q#)%g5
US0001398,Bonnie_Mcmillan,D6neUWCw@a
US0001399,Craig_Silva,r@xRNxTf_4
US0001400,Brianna_Li,*xw7ftMf(7
US0001401,Joseph_Johnson,S^Y9SUo3)A
US0001402,Darryl_Flores,SaXJ2nKE!8
US0001403,Elizabeth_Martin,!4vAjzj)Kc
US0001404,Barbara_Werner,NR42L^0kh%
US0001405,Jason_Griffin,&516F2Os@B
US0001406,David_Hammond,Hg21EV1+_0
US0001407,Keith_Hancock,K_@2DNPglb
US0001408,Jennifer_Morse,1*o!1BAu@n
US0001409,Diane_Hickman,8@@wOUtk*7
US0001410,Curtis_Patel,@X8Wb%kj9A
US0001411,Pamela_Mccann,4l!8pUFw%&
US0001412,Ruben_Turner,#v4NMn_37S
US0001413,Joseph_Nicholson,lru1sDyl)#
US0001414,William_Payne,c^C25o%P_3
US0001415,Robin_Ferguson,(3VwJEyrr5
US0001416,Cheryl_Taylor,8nLdWqQ6*c
US0001417,Rachel_Dickerson,LY7xVDAr6&
US0001418,William_Dalton,+usRDpAll6
US0001419,Eric_Parsons,95a9Vavt%&
US0001420,Robert_Martinez,(#0Lq6BmUl
US0001421,Stephanie_Morris,X^)53TPwoh
US0001422,Cody_Johnson,_xPmLUSf_3
US0001423,Suzanne_Clark,eq4yCYs&)#
US0001424,Lisa_Mcdowell,7VXV1fwT&4
US0001425,John_Gill,m$ws1MD@Xt
US0001426,Jorge_Cole,l(1YWfocxZ
US0001427,Kimberly_Lester,#i0+jeHuFl
US0001428,Dylan_Anderson,6&5$v%Navz
US0001429,Jessica_Bush,!$MRz8zFU3
US0001430,Nicholas_Mitchell,(Bag9OVm)&
US0001431,Elizabeth_Strong,2t(2RXoh)t
US0001432,Brianna_Kelly,$$6zGKAhNK
US0001433,Cynthia_Gonzalez,SL7GGcHj%b
US0001434,Angela_Reyes,0m@2c9Ugat
US0001435,Michael_Roberts,s7dLh(f5*7
US0001436,Catherine_Hardin,B7OPlT&Z(m
US0001437,Julia_Parker,@35jlNUtsJ
US0001438,Kayla_Johnson,N39EsCVy$B
US0001439,Brandi_Baker,&1cBeok26r
US0001440,Zoe_Ballard,le2FBNUe+C
US0001441,Shannon_Young,f+1I7Jff2R
US0001442,Cheyenne_Yates,2m(03EorP!
US0001443,Nicole_Davis,e8TkRZIN&$
US0001444,David_Sullivan,!2GpiRrN(8
US0001445,Charles_Weiss,DKZ8xRyK!p
US0001446,Brittany_Mills,!CU%(Vat5!
US0001447,Brooke_Nelson,56oN7qac_2
US0001448,Sean_Todd,&bAIX7z9S1
US0001449,Richard_Dunn,$Q3y0Qp!wn
US0001450,Megan_Davidson,^v2PHQwQsH
US0001451,Jonathan_Johnson,z!0dElMY@%
US0001452,Sarah_Johnson,atg3uS^w(y
US0001453,Pamela_Rogers,#COmrW@a85
US0001454,Jennifer_Thomas,!yMO@4XdTZ
US0001455,Lacey_Beltran,m#x#LhRB(6
US0001456,Alexander_Berger,$VUB+Fd01d
US0001457,Timothy_Jones,@iLQsljI7b
US0001458,Andrew_Carter,GZ2Q6h1f*%
US0001459,Chelsea_Garcia,8EuQk*BG+b
US0001460,Joseph_Hoover,q^Uy^9Lt%&
US0001461,John_Stewart,@2Nggj9w!)
US0001462,Scott_Jimenez,fTlJ+4Ob@q
US0001463,Allison_Brown,yoaS4uDAS+
US0001464,Cody_Peters,U&V5AEr#x9
US0001465,Sandra_Stewart,Ir1MtmXk%U
US0001466,Cynthia_Ortiz,$+)67XTw&L
US0001467,Theresa_Eaton,SbB0CrY@+f
US0001468,Kim_Wright,iG72MmPmR+
US0001469,Vincent_Lara,_O0Ikba(hW
US0001470,Tommy_Rivera,j8ChiXzp*Q
US0001471,David_Simpson,*U_BcDx9)8
US0001472,Sergio_Melendez,!eQyK4Bttl
US0001473,Betty_Hancock,!j1Rmwrz3z
US0001474,Diana_Howard,M5Olfok3#v
US0001475,Susan_Rose,Et95kWYz+N
US0001476,Angela_Lawrence,I2k7wa(g%)
US0001477,Samuel_Munoz,@MVXOSXeN7
US0001478,Annette_Owens,D!7_4ZDnjI
US0001479,Robert_Guerrero,*g3DMaq^^I
US0001480,Joseph_Edwards,bT0+5OhUm*
US0001481,Melissa_Patterson,)J3yjYPb0F
US0001482,Robert_Glover,2b7ifB_br^
US0001483,Kirsten_Jones,V8hXbvYm$5
US0001484,Nathan_Myers,xc99(Zr5F+
US0001485,Peter_Lynch,%f85MFmBvr
US0001486,Ronald_Strickland,(8ZWpOfYSV
US0001487,Jason_Hall,)4CKHTXka!
US0001488,Diane_Neal,O7nAB3j))M
US0001489,Christine_Thompson,Py0VlO+ER!
US0001490,Andrea_Cline,!4tLb5l)wW
US0001491,Robert_Campbell,*%4T#c2l@s
US0001492,Laurie_Williams,*)6$GKxJeH
US0001493,Tammy_Hill,nA5GNtgl&3
US0001494,Cynthia_Sharp,%wMDycjeG4
US0001495,Darren_Garcia,1#171vGj)6
US0001496,Melissa_Hanson,6mU2)A*c)Y
US0001497,Aaron_Madden,(LmdG5VfGs
US0001498,William_Johnson,hP0eTsUm&M
US0001499,Elizabeth_Allison,&6@wIlgh#u
US0001500,Michael_Meza,&r02leJl*r
US0001501,Stephanie_Mercado,!f^c@FTz7x
US0001502,Luis_Oconnell,%@Jg*UFrL5
US0001503,Angela_Green,GFVt3BNdt@
US0001504,Joseph_Allen,(D3SzmgvOC
US0001505,Emily_Taylor,+6W&Biefmd
US0001506,Janice_Chen,Sgu4BV)2!*
US0001507,Jeanette_Sawyer,B3Y!k6dw#I
US0001508,Jessica_Stark,*9(QQl&y7p
US0001509,Jimmy_Duncan,8A7O8IWoP&
US0001510,Micheal_Lawson,2pDZCumw*9
US0001511,Joshua_Patterson,&KZkCyAfY5
US0001512,Alexandra_Wood,Hr8FpTzH!P
US0001513,Amy_Ortiz,SD$a$9Yc3o
US0001514,Shawn_Johnson,@n6+Hgdqqa
US0001515,Angela_Chang,+pT2YxBhgS
US0001516,Elizabeth_Watts,M01ImIm9)b
US0001517,Heather_Mccarty,S_1Rp+e&jc
US0001518,Charles_Hayes,XLq@3Ggbik
US0001519,Glenn_Quinn,f0)Ak&rh%U
US0001520,Steven_Ewing,#M@5EBx1+z
US0001521,Charles_Williams,&GF5Z(aClD
US0001522,Catherine_Cruz,w6XUDTpk@A
US0001523,Lisa_Moore,@+N6B9Jh+^
US0001524,Michael_Lee,()31NGKw_)
US0001525,Crystal_Blair,E@5#MUs(sn
US0001526,Jennifer_White,W5GEJJ5o!m
US0001527,Amanda_Scott,y$s_9QOsnL
US0001528,George_Gaines,wp+2WbNCS(
US0001529,Cheryl_Boyd,6H7hfYchm)
US0001530,Shannon_Mendoza,GH)*91CkIV
US0001531,Jonathon_Mcdaniel,v@0ZKpFf3O
US0001532,Tracy_Brown,xc4UUKq*i(
US0001533,James_Franco,927)DcDZ!i
US0001534,Eric_Thomas,PyTz8UyDn_
US0001535,Michael_Mathis,HcH8GGQw%b
US0001536,Connie_Mcdaniel,q11+eMnp&A
US0001537,Marcus_Harris,&6gMV4pNW4
US0001538,Holly_Cortez,!!UtJi3M2*
US0001539,Susan_Moyer,(fLxl%kat9
US0001540,Michael_Cruz,^PxeKjhf!2
US0001541,Seth_Gonzalez,jl3jWbmIw%
US0001542,Timothy_Kim,&xU9fRBuz6
US0001543,Scott_Oliver,^glg1Qb2_M
US0001544,Sean_Vargas,&P8)b9Wr75
US0001545,Kimberly_Thomas,v+Y$2Qb!Yd
US0001546,Gina_Cobb,!YFO6&Zd3I
US0001547,Eric_Long,9tYJgnQl@V
US0001548,Evan_Hopkins,_EWKKPiqm1
US0001549,Elizabeth_Caldwell,6e_6FFfs(9
US0001550,Jennifer_Jones,(8$hO3FdWl
US0001551,Bruce_Baker,AZNzjtYy)7
US0001552,Sonia_Taylor,on^2L7Lx(5
US0001553,Ryan_Nelson,zS5XEXbH_#
US0001554,Richard_Booker,6@J14OJo(N
US0001555,Curtis_Hays,kso)+7WqgP
US0001556,Ryan_Andrews,fmK3VendD)
US0001557,Jean_Adams,_@p77GIfHO
US0001558,Nancy_Hunter,O7kpc1De$$
US0001559,Michael_Armstrong,&0QBKwOpwY
US0001560,Christian_Sexton,@u7KN0ao&n
US0001561,Donald_Johnson,p4_Wzv%j*8
US0001562,Courtney_Matthews,neq1tCgV^Y
US0001563,Alexis_English,pm$3Viw_&r
US0001564,Erin_Berger,$7om8NpeW1
US0001565,Nicholas_Beltran,P%NO5V@bF@
US0001566,Savannah_Velazquez,(&a4!oXw*%
US0001567,Tom_Hayes,%I9H+&Bayi
US0001568,Debra_Bradley,&#2IWGm!pj
US0001569,Jeanette_Harris,)rEObuFvn4
US0001570,Debbie_Garcia,a)J1xRrGcj
US0001571,Terry_Gibbs,c_4rTdYS9e
US0001572,Sherri_Brooks,!HDc%sr53M
US0001573,Mitchell_Mclean,a0t3Zq!k+d
US0001574,Brian_Brown,$Hl@2mBkfu
US0001575,Brian_Rodriguez,c^e1$#ScWx
US0001576,Derrick_Chavez,*p4DYzTr_x
US0001577,Corey_Washington,&0KzY@Caar
US0001578,Laura_Mcintosh,3a4pHO8y+l
US0001579,Christopher_Hill,L86*$Te!P^
US0001580,Jason_Morse,^97MbjVpn1
US0001581,Rodney_Conner,9Ex9s3joJ+
US0001582,Ronald_Cain,Cb(2J5gmz(
US0001583,Allison_Wheeler,G%Q_eLij!5
US0001584,Maria_Stokes,^L2Gsu(YiL
US0001585,Tracy_Smith,$Gd3Dt&E1(
US0001586,Curtis_Medina,()lOus740u
US0001587,Aaron_Barajas,s+5O+r_EeZ
US0001588,Douglas_Smith,#8uPA@THDu
US0001589,Steven_Thompson,wCak36Im&#
US0001590,Eric_Lewis,09YM@Jyu&A
US0001591,Rodney_Olson,Gh%m0@Mu^s
US0001592,Daniel_Dickson,OQLFzde0!1
US0001593,Gerald_Russell,m*O1@Rmu!b
US0001594,Regina_Castro,v4XJ)y6z$2
US0001595,Alicia_Ramirez,q7JDT+cD!^
US0001596,Edward_Lee,!W0T)5LaFu
US0001597,Edward_Hughes,kfh1DqPc^&
US0001598,Rhonda_Bell,1^1oO9Vh%X
US0001599,Vanessa_Lee,tct5jPVA(5
US0001600,Jack_Ali,!75JmL!sOy
US0001601,Roy_Watkins,M1ej&RqH*4
US0001602,David_Fitzpatrick,!3W9wMvBqE
US0001603,Matthew_Pitts,)2qG@qKw)s
US0001604,William_Barrett,(iTYeIo!08
US0001605,Zachary_Parker,a7StM5fD(7
US0001606,Nathan_Acosta,9^YEUfch!5
US0001607,Samuel_Hammond,J67iG4yu&w
US0001608,Michael_Butler,z1VVVU0f!d
US0001609,Philip_Benjamin,S+w(9Ehq7m
US0001610,Nancy_Thomas,&3s1i5Ta)M
US0001611,James_Martin,@6B07eTFhi
US0001612,Aaron_Harper,%fT1H@eVf3
US0001613,William_Davis,2sKFH5sI$f
US0001614,Carol_Walker,$1PJaflp8i
US0001615,Katherine_Lee,@8KrET!Pjx
US0001616,Walter_Martinez,3L_6OPDcb&
US0001617,Cheryl_Thomas,MtUGY8+K$1
US0001618,Jack_Phelps,Ty4aSaKY_O
US0001619,Jessica_Mclaughlin,_UB1F^Rw51
US0001620,Jacob_Miles,09&C5fOduY
US0001621,Joyce_Davidson,4k_NAnfp)8
US0001622,Kim_Lynch,(5zWk1EoO_
US0001623,Maurice_Becker,^cBagmH(8K
US0001624,Deanna_Olson,3@1MFHQq6&
US0001625,Heather_Wade,d(h5bvPn^T
US0001626,Matthew_Morrow,+7Ji)hdvo1
US0001627,Brian_Smith,2OBuwyiw@u
US0001628,Christine_Harris,+9frL+medg
US0001629,Megan_Baird,^*5wZ%veW+
US0001630,Robin_Robbins,)o6nW(Op^8
US0001631,Christian_Potts,!(OOvccvG5
US0001632,Teresa_White,MT7h3ZzlD$
US0001633,Courtney_Francis,BpEn2Vyfs%
US0001634,Bryan_Williams,EM$b9Rdbv9
US0001635,Tony_Jackson,X^fScamk&7
US0001636,Mariah_Newton,%k9W0CRuBI
US0001637,Kimberly_Wilson,4p2GTjriY#
US0001638,Edward_Ramirez,$Bu_4wAyB3
US0001639,Larry_Mendoza,*2Py#sj(xi
US0001640,Andrew_Leach,v%0p1sXg2@
US0001641,Cathy_Robertson,j8@Z2Oax4(
US0001642,Cynthia_Jensen,jA29YbcN5#
US0001643,Juan_Bush,&nDy3Sez$q
US0001644,William_Huynh,(5IduUg2j4
US0001645,Ronald_Braun,(kjeRBq62b
US0001646,Richard_Miller,Q#$s3RNbBF
US0001647,Eric_Gonzalez,$7cpj85sO^
US0001648,Daniel_Brewer,8%v_C*us_l
US0001649,Bonnie_Sellers,wkVC1s&)@5
US0001650,Karen_Moreno,l0naYNKi%p
US0001651,Sarah_Andrews,v@3+VFx4xk
US0001652,Robert_Martinez,3Mn8EskB@z
US0001653,Meghan_Gonzalez,S(12ZJSCfl
US0001654,Isabella_Hicks,zy0Jhz32!2
US0001655,Katie_Martin,9_SQvrjM_5
US0001656,Anthony_Solis,_5fVsp29fG
US0001657,Pamela_Patel,iR^by4bXf&
US0001658,Ryan_Torres,V68RQMsx$*
US0001659,Alexis_Evans,+hD(hjp14k
US0001660,John_Mckee,2*9TXvXx_*
US0001661,Dave_Brewer,(4J)zp@tEX
US0001662,William_Young,(BJ@k6RpP#
US0001663,Troy_Kelly,RI59O56o^#
US0001664,Heather_Hudson,@Q1R#$nhq_
US0001665,Tiffany_Dunn,KGl+92SzkP
US0001666,Michelle_Johns,6EYeXctC*x
US0001667,Sergio_Harvey,&t9hEcVe4O
US0001668,Kevin_Morris,&Adts3Loi0
US0001669,Mary_Martinez,W(eIgP#c*0
US0001670,Anthony_Graves,J%8XZP@drw
US0001671,Randall_Salas,p(W7KXcgsg
US0001672,Cheryl_Anderson,CO5^Iahe+V
US0001673,James_Morales,#6LkldfRkW
US0001674,Rachel_Sutton,c$g2E+TeV^
US0001675,Eric_Elliott,&16Jmz@KPg
US0001676,Melissa_Armstrong,(JewSRzu0O
US0001677,Michael_Jackson,**9Aa&u8js
US0001678,Melissa_Gonzalez,f9VmVIue%W
US0001679,Rodney_Davenport,$O6f2Al###
US0001680,Amber_Shah,i^@8Nf$Cm!
US0001681,Nicole_Dixon,nP2OGOkw%X
US0001682,Devin_Gordon,&3bRoE)FW$
US0001683,Daniel_Hodge,o!T9QDh5q6
US0001684,Tony_Young,0Aa4%PdD_(
US0001685,Danny_Williams,$_9fThp0nv
US0001686,Russell_Wilkins,n&m@a4Lp+o
US0001687,Kenneth_Shepherd,%jNsCLi!0d
US0001688,Jennifer_Pham,t$9QvC@6G3
US0001689,Anthony_Ortiz,%!V9CvHnp*
US0001690,Tracey_Mckee,GsdN$96E^8
US0001691,Lindsey_Barton,)4&QjVuPpb
US0001692,Cindy_Hurley,(0NETqmdiy
US0001693,Diana_Mcdaniel,g8J81LpYc)
US0001694,Tammy_Mathews,O@_2qmRliZ
US0001695,Jenna_Tucker,7kUy&auE+H
US0001696,Adam_Lloyd,s2(UPDk(_o
US0001697,Veronica_Smith,IfPk3VI9&4
US0001698,Jaclyn_Gay,&F0TIT1t6o
US0001699,Eduardo_Rivera,#2K)06)qvl
US0001700,Bianca_Oliver,_f6Nusuc9P
US0001701,Jason_Moore,#R6Eezdxm@
US0001702,Matthew_Stephens,E_)*_4YwLQ
US0001703,Christopher_Peterson,#8RpQa#3Kk
US0001704,James_Hampton,)M6Q88WhpH
US0001705,Jorge_Tucker,$6eBOPWmXs
US0001706,James_Anderson,*ty6hiYjz)
US0001707,Kelly_Schmidt,_P7EawNc*3
US0001708,Geoffrey_Johnson,)0KS0hGoWc
US0001709,Patricia_Johnson,QFm5Wgtd!L
US0001710,Maria_Woods,p)3fy2Ms9Z
US0001711,Mark_Rodriguez,6JQ2N0VyR$
US0001712,Timothy_Martinez,+@BQ7pco8B
US0001713,Donald_Nelson,(w25gBBy$4
US0001714,Joshua_Jenkins,#8$KLYBq32
US0001715,Anna_Harrell,DC6MdcUrb@
US0001716,Joseph_Stephens,zuNS7Vtv*8
US0001717,Julie_Ali,#tOM@9ab5Q
US0001718,Jesse_Turner,m6xM0yNU*U
US0001719,Jennifer_Goodwin,%&Z%u8f$mO
US0001720,Christina_Smith,du(6TSzm8e
US0001721,Jamie_Thomas,9p*2yP8kJh
US0001722,Joseph_Wood,*4S5JNjwOm
US0001723,Edward_West,3RFmF^KG)U
US0001724,Leah_Bishop,1l_f3F$kTJ
US0001725,Michael_Patrick,V@456LHxve
US0001726,Timothy_Larsen,$g0$2JWk*c
US0001727,John_Simmons,+16lDOJxFk
US0001728,Amanda_Zhang,Cp6^GgW+q)
US0001729,Jack_Barron,3)65O3F)aq
US0001730,Wyatt_Alvarez,^rT6LC!bJ&
US0001731,Tabitha_Long,A($_lVxh*9
US0001732,Wendy_Edwards,mA6Z!qtL$4
US0001733,Robert_Mullins,p3MS1YdU)0
US0001734,Michael_Scott,s#(5K5WciK
US0001735,Chelsea_Jennings,d5!S1@Qw!@
US0001736,Linda_Flores,f$9Nmc7H6y
US0001737,Edward_Valdez,ciWM%Snk&4
US0001738,Norma_Wilson,K6Zqkjyk#B
US0001739,Jeffrey_Espinoza,Ug5FM(hY5+
US0001740,Kelly_Parker,&)0f4sCwjG
US0001741,Mark_Willis,^0Ub9G&y&V
US0001742,Amy_Wood,%ybIwUyY#0
US0001743,Jacqueline_Pittman,EO&7%wAi2M
US0001744,Becky_Schwartz,(0eoOvRWpa
US0001745,Stephanie_Adkins,75c9yIru$C
US0001746,Amy_Collins,&)73(aVsft
US0001747,Cynthia_Palmer,n_eXHD7y$8
US0001748,Michael_Butler,+9HYzWalE9
US0001749,Mary_Lowery,h2%H0Ryf^3
US0001750,Jesse_White,_l+83%Tn@!
US0001751,Matthew_Bennett,c!t9DbJp%%
US0001752,Larry_Nelson,$7#J#nIx_B
US0001753,Austin_Gray,*6qAYoNWwG
US0001754,Sara_Stokes,(3t#8AhBCH
US0001755,Brian_Martinez,oN0DNxn!#E
US0001756,Alexis_Bennett,75+7IuJ_H#
US0001757,Nancy_Barker,wwy3+7QbE@
US0001758,Madeline_Murphy,@8DH@y4a8t
US0001759,Brian_Snyder,YDMndM(Y$3
US0001760,Jennifer_French,H*vh3IiQmh
US0001761,Jorge_Thomas,CJEx1bEg*2
US0001762,Michelle_Washington,%4D+YVf2&(
US0001763,John_Rogers,3D0@9YFxv^
US0001764,Mathew_Finley,_J6HT2Sj__
US0001765,Erin_Collier,*lu%JrYq+7
US0001766,Crystal_Ruiz,B%4Jk@p2(l
US0001767,Stephanie_Morris,)u5QGyF3_#
US0001768,Matthew_Chandler,)p1O)L24C4
US0001769,Brent_Reed,51KZnd&Q*e
US0001770,Amanda_Rodriguez,00G&)CGe$O
US0001771,Anne_Le,zE@b7*PaLe
US0001772,Matthew_Thomas,7JmY^hxf_p
US0001773,Daniel_Morgan,7+m8WG%f#h
US0001774,Michael_Friedman,*6DYE@u0#i
US0001775,Thomas_Hale,3QaEIAq2$B
US0001776,Adam_Fowler,u$0Dbl%66_
US0001777,Kelly_Murphy,7kYWoovS(5
US0001778,Emily_Stephenson,*5*^fyEvQF
US0001779,Michael_Schneider,@TVHBv1k#3
US0001780,James_Roberts,$lhO$wJF&1
US0001781,Scott_Nicholson,w$0R%f$XrJ
US0001782,Cesar_Chavez,#3798GfT%j
US0001783,Theresa_Gibson,ZH!Z5V!jxc
US0001784,Stephanie_Mcdaniel,t6O$PXvk+T
US0001785,Susan_Jenkins,6p1U$WFm)(
US0001786,Eugene_Richardson,_ekaNGCkX3
US0001787,Timothy_Jacobs,r*c4GVR4Qd
US0001788,Joanne_Hansen,$%5ZRzt^ky
US0001789,Timothy_Foster,$niTkDjV0s
US0001790,Matthew_Graves,%kk5OCBr&E
US0001791,Joy_Martin,$38WGXGy0y
US0001792,Amanda_Sparks,2&dO08tboE
US0001793,Abigail_Smith,_mYs%U8zV9
US0001794,Megan_Mcguire,%2%lCFwpaM
US0001795,Theresa_Contreras,eS_1#Nlmbs
US0001796,Dustin_Gonzalez,@u9Ic28owc
US0001797,Michael_Anderson,0$7A@xeJY*
US0001798,Tiffany_Wright,M2&YB&Lt$U
US0001799,Amy_Lewis,2*a2OUFs*A
US0001800,Katrina_Rivera,C56JQXxt&+
US0001801,Laura_Johnson,iX2QcFVu%#
US0001802,Thomas_Rasmussen,$!0BPIvoSC
US0001803,Erica_Parker,TaR4AJbd*1
US0001804,Jessica_Snyder,$Ms95tSjTp
US0001805,Ronald_Burgess,#+72JbplqZ
US0001806,John_Blair,+68D9Qch&n
US0001807,Morgan_Martin,^c7BSmpJe2
US0001808,Kristy_Martin,+2$DPb%)I4
US0001809,Robert_Davidson,^a1YRKa#+_
US0001810,Todd_Shannon,w@6^#Otw&r
US0001811,Joseph_Perez,!%RTiwkuv3
US0001812,Vincent_Cunningham,^iJ(5YGc8d
US0001813,Richard_Moore,S^7cgDa9NA
US0001814,Marcus_Watson,3600!C@S*b
US0001815,Mark_Sanchez,i)&ne7Gj+H
US0001816,James_Rodriguez,7kGd(IBf+6
US0001817,Alexa_Collier,T923OLSp)p
US0001818,Joshua_Adams,wb#0Gybjm4
US0001819,Kathryn_Shaw,u!8vQ9Uabe
US0001820,Nathaniel_Swanson,$MJyG1auI8
US0001821,Katherine_Bridges,^YK^Lpyr!4
US0001822,Robert_May,yR8FNlxKE&
US0001823,Jasmine_Walker,y9+XFuXt@1
US0001824,Michael_Baker,lyX_bnir*8
US0001825,Drew_Davila,HLv(2GMgQw
US0001826,Paul_Howard,lfh5+CmwQ$
US0001827,Bruce_Rose,37KJ7&bs@L
US0001828,Laura_Baker,e2IVEW^E)1
US0001829,Jason_Bradford,^1ytQRBsy2
US0001830,Frances_Boyle,QpI@9(Qa@b
US0001831,Julie_Watson,$6Q4It+d2R
US0001832,Amber_Jones,Pb5kS)hd!D
US0001833,Sandy_Martin,A&dA&0Nw2*
US0001834,Brittany_Hernandez,Tvh*e2AiNW
US0001835,Angela_Hess,%M8LbEbCy^
US0001836,David_Morales,(3L95oy#*w
US0001837,David_Poole,rz$Kxw&((0
US0001838,Michael_Armstrong,L2oHgyX8)#
US0001839,Megan_Martin,+9+MX@d!sp
US0001840,Carl_Cruz,@a)x_4Lwx6
US0001841,William_Kim,6dVW)d(N#k
US0001842,Carl_Aguirre,$nn^Q1cx#8
US0001843,Marvin_Porter,ez58Jokc!R
US0001844,Kristina_Watson,+DT3oAMoJH
US0001845,Cody_Kramer,$4WIb1^daY
US0001846,Brenda_Donaldson,_sZ&L0Jq49
US0001847,Joseph_Parker,@ggH48N6G6
US0001848,Christina_Williams,+9ODP+Aqji
US0001849,Janice_Johnson,#P%pJ_Fa8s
US0001850,Alexis_Powell,1#42hHx(D%
US0001851,Cynthia_Nichols,VvNq3Rpf*%
US0001852,John_Stephens,&MCVQbJs90
US0001853,Nicole_Medina,SlJ(C1Vq@m
US0001854,Jeffrey_Jimenez,KK9nBtAO%8
US0001855,Stephanie_Lewis,@Y1XqTeX)#
US0001856,Michael_Booker,m&1G(kSJac
US0001857,Nicole_Perez,7+L*VxC__x
US0001858,Lori_Vazquez,IAO*0Vwka3
US0001859,Randy_King,rDJXeQwF$4
US0001860,Kimberly_Cunningham,*zSevCkML3
US0001861,Andrew_Silva,%r9H1+Fwa^
US0001862,Kimberly_Hinton,_7w8&M^Kj5
US0001863,Barbara_Bean,5q7%Uveyq@
US0001864,Kelsey_Curtis,lyzJZrYX)7
US0001865,Taylor_Clay,#u1rD$BW6o
US0001866,Jamie_Myers,*Ed!C%aBo1
US0001867,Carlos_Rogers,)Of3xZDy0y
US0001868,Tamara_Owen,#051OLO*s*
US0001869,William_Peterson,!071NQr!a1
US0001870,Brenda_Reynolds,^)NUL^ooK6
US0001871,Bryan_Matthews,7mcC8Ben+2
US0001872,Amanda_Gibson,_9&pzBMyL$
US0001873,Tyler_Werner,%%L^L2MiEg
US0001874,Mario_Gutierrez,_*QIg5pvd0
US0001875,Toni_Jones,&v0BzhMjHW
US0001876,Amy_Leonard,_MV1&0Le4$
US0001877,Brian_Green,0MI%uIyD@b
US0001878,Michael_Baker,a7iK2BiL)(
US0001879,Tanya_Foster,*d1CkhAro%
US0001880,Stephen_Keller,N1L&Vyhx!9
US0001881,Lisa_Brown,$b(HBuvfk4
US0001882,Angela_Fowler,#z4Z9dqqeG
US0001883,Morgan_Myers,g!1+7#8snB
US0001884,Tamara_Romero,)x0Z12iEID
US0001885,Emily_Johnson,(XAlK)o6%1
US0001886,Amy_Pratt,krZE22NvU^
US0001887,Mark_Caldwell,6G#7R(uAG0
US0001888,Willie_Bradley,62(5BfRdb%
US0001889,Michael_Burke,^(%6M#7f2a
US0001890,Jason_Donovan,(4DDJ)+cz7
US0001891,Tommy_Morales,N1I)4LCwS)
US0001892,Daniel_Avila,Ld7L1qZeW!
US0001893,Daniel_Silva,(L+2JIyra^
US0001894,Jennifer_Silva,p)8QOJciz4
US0001895,Sean_Solis,t@5WyGLtJX
US0001896,Lauren_Bowen,_cz46PVn%k
US0001897,Jeremy_Brown,p1%7pUUrXK
US0001898,Jose_Scott,$Z)tLSUak2
US0001899,Kenneth_Perez,e7hc8sXp$p
US0001900,Debbie_Williamson,+Le8aVIp8V
US0001901,Brian_Mathews,z3SDKApN$S
US0001902,Kim_Sanders,sT%wP7ZlO+
US0001903,Amanda_Forbes,56EU9bq9!&
US0001904,Stephanie_Smith,Gz)t5VzGk_
US0001905,Richard_Hernandez,!4Aq0QWQPq
US0001906,Alejandro_Carter,T!unIsSl(9
US0001907,Jonathan_Thompson,8!08oGyC&A
US0001908,Blake_Ayala,Ui2NGvVS!t
US0001909,Vincent_Garcia,b+YcGP6^)2
US0001910,Nathan_Brown,$09jV+nZtS
US0001911,Oscar_Harrell,$h6YNVla7#
US0001912,Stacey_Bender,DkHqucsG@4
US0001913,Linda_Cantrell,#BBlx#)f7i
US0001914,Tim_George,l*R1Ol4E&%
US0001915,Steven_Burke,*@&Q9UYdPn
US0001916,Megan_Carter,f(jF5iXxor
US0001917,Debbie_Reynolds,%11Jrmyi33
US0001918,Timothy_Carter,!8WVN@wgTN
US0001919,Catherine_Weeks,H6EzZiGb&Q
US0001920,Kurt_Dawson,YFXWFZha$8
US0001921,Ethan_Hill,!O3F1NBrE^
US0001922,Kelsey_Crawford,S&8oigKl@l
US0001923,Richard_Reed,_HL7Yc%DKj
US0001924,Jon_Smith,^O9Vcig!v@
US0001925,Patrick_Jackson,4oS16B7mr(
US0001926,Christopher_Moore,A&Geg$4x!9
US0001927,Jeanne_White,f(99CkpP2+
US0001928,Greg_Lee,$44*oWfa1$
US0001929,Lisa_Walters,%D6Bo6vMI6
US0001930,Jason_Hartman,_O80oPw()u
US0001931,Heather_Reynolds,&Kuu26jgN0
US0001932,Sherri_Gomez,7iWfcqMr^3
US0001933,Ralph_Johnson,Ezd4O%ev&d
US0001934,Timothy_Thomas,rF18JgXaE(
US0001935,Daniel_Burgess,e5sU%fGh%3
US0001936,Thomas_Williams,9@^VsQ6U!A
US0001937,Michelle_Watson,&1NJwTpS9i
US0001938,Jonathan_Duncan,^Jcf57Dp$c
US0001939,Jo_Durham,V^r6XLduUi
US0001940,John_Pena,e1NGhS&($&
US0001941,Anna_Cervantes,P#5M40cn)n
US0001942,Scott_Marshall,+7UJs5y^p6
US0001943,Dean_Contreras,w8a4FXbV&u
US0001944,Ryan_Keith,M3JcEEnd)3
US0001945,Jeffrey_Bush,!0*xznYhwS
US0001946,Haley_Patel,)NblRs%j$7
US0001947,Danielle_Hall,(K)z#9kzU5
US0001948,Emily_Mills,4Z9AWT!lk^
US0001949,Pamela_Simpson,3*FX3(l%^x
US0001950,Sandra_Glass,B$788!CgAl
US0001951,Maria_Rogers,3r&4lPlOh8
US0001952,Ashley_Liu,%2OXyKeG7W
US0001953,Scott_Abbott,WUOJcg1e_6
US0001954,Angela_Barber,9+Fq8_sncX
US0001955,Bonnie_Sanchez,(df13Hyfma
US0001956,Ian_Alvarez,B7#71JNu7w
US0001957,Judy_Sanders,U+8CzSol+@
US0001958,Bridget_Hayden,!cTVhqXBt0
US0001959,Latoya_Gomez,JK8nMqjb^h
US0001960,Jessica_Wright,(alr97Op(A
US0001961,Aaron_Nelson,4w@0DJYaNY
US0001962,Michelle_Jones,nodkDYeB(5
US0001963,Rachel_Barnes,%8kpQ4qo(F
US0001964,Shane_Higgins,V+!@c5CphF
US0001965,Lawrence_Miller,PNC6Qa(SA!
US0001966,Victoria_Quinn,XS1m6BdBY@
US0001967,Laura_Clements,&7Vey8VLB$
US0001968,Shaun_Williams,Wajr2Fgx*m
US0001969,Cassandra_Sanchez,odg&1U3eWD
US0001970,Joseph_Gonzalez,$fGCS3*yI8
US0001971,Lori_Luna,n(wm3NeGyM
US0001972,David_Smith,(r5Q#%N84r
US0001973,Renee_Stewart,W%8JeDVllc
US0001974,Kyle_Murphy,j$m9$NznkY
US0001975,Mary_Herring,H8rqzPWh@3
US0001976,Jessica_Rivera,+7p2MuvGo+
US0001977,Tony_Brown,L6SgTfxz^A
US0001978,Nicholas_Wilson,_gh2DVmn%H
US0001979,Mark_Montgomery,kcXif0Xm#Q
US0001980,Brenda_Hill,3o*5DYDg(&
US0001981,Lindsey_Patel,J0RA89t1^^
US0001982,Lori_Williams,_LNoR0j!D0
US0001983,Melvin_Bryant,Ctq2NJPb@d
US0001984,Melissa_Goodwin,4Y@_8sPu)2
US0001985,Melissa_Thompson,(JLLU#$j^6
US0001986,Troy_Baker,($1Y)Rc+Fo
US0001987,April_Brown,#p6YCf5Y)r
US0001988,David_Parker,MP6@1JdJpS
US0001989,Cole_Lawrence,_pjBK6u14+
US0001990,Ernest_Cordova,$vI3TmAy&$
US0001991,Amanda_Rhodes,Xg&4B9h6eQ
US0001992,Christopher_Sims,z6BEGdM5*r
US0001993,Geoffrey_Hood,YeLsOEVq@5
US0001994,Robert_Edwards,6fDN1%1P&l
US0001995,Jason_Hurley,wwSQJrAT#8
US0001996,Christopher_Bell,)^3Oc^z1@@
US0001997,Kimberly_Russell,)6XmKh+0)w
US0001998,Damon_Vargas,Bl@&4lIv9Z
US0001999,Lisa_Woods,2w6ACo8LD#
US0002000,Jeanette_Newton,$g13EBddWK
US0002001,ADMIN_1,5&_7SRRUXx
US0002002,ADMIN_2,Ra6QBu7X9)
US0002003,ADMIN_3,!7cItWBwAM
US0002004,ADMIN_4,V0MD#p@V^a
US0002005,ADMIN_5,Kcz1VMJs^%
US0002006,ADMIN_6,%4pZZb2@(5
US0002007,ADMIN_7,zT9!86Dyx7
US0002008,ADMIN_8,L3RLU7kB$$
US0002009,ADMIN_9,#p5ILtH^&2
US0002010,ADMIN_10,Se32RZG0R+
US0002011,ADMIN_11,e8U$&w4W(8
US0002012,ADMIN_12,Yi$0lKcu%!
US0002013,ADMIN_13,^TOcIZqO$7
US0002014,ADMIN_14,#LJ0wOh*(E
US0002015,ADMIN_15,Cv4QkqK!P#
US0002016,ADMIN_16,w_1$NXleKw
US0002017,ADMIN_17,U&7VMZe!Yz
US0002018,ADMIN_18,^2DJs01%^v
US0002019,ADMIN_19,8WuecDrK*%
US0002020,ADMIN_20,_wfXs@Yoc2
US0002021,ADMIN_21,!)Yt1O1c0v
US0002022,ADMIN_22,X28JwR*4&7
US0002023,ADMIN_23,V%%2IW3Oso
US0002024,ADMIN_24,9cWugkMs^h
US0002025,ADMIN_25,tL*w6cHe^Y
US0002026,ADMIN_26,vP1i6phwo_
US0002027,ADMIN_27,(1aSvCloCu
US0002028,ADMIN_28,!mR+RzZP88
US0002029,ADMIN_29,(_4Kve+l4G
US0002030,ADMIN_30,(lPVXCDG51
US0002031,ADMIN_31,7h#4xYmuQB
US0002032,ADMIN_32,*L4197Nzo9
US0002033,ADMIN_33,PDg_m6Tktl
US0002034,ADMIN_34,CpFZpOSd)3
US0002035,ADMIN_35,H!20CFdRfK
US0002036,ADMIN_36,)14$N(dO!Y
US0002037,ADMIN_37,^3a2Rk^@V#
US0002038,ADMIN_38,j*k*6GvzNk
US0002039,ADMIN_39,!1ZQ^5&eCx
US0002040,ADMIN_40,Rm9CKHTR6+
US0002041,ADMIN_41,%LpLYMwgS5
US0002042,ADMIN_42,T5^1Lip2X!
US0002043,ADMIN_43,$9OwOjv(FN
US0002044,ADMIN_44,qnQrGdX+^4
US0002045,ADMIN_45,r3ND7Byu@J
US0002046,ADMIN_46,D5svSc0y#R
US0002047,ADMIN_47,#0bqBNaOFJ
US0002048,ADMIN_48,%7gDjYYQ@a
US0002049,ADMIN_49,D#S1UtMg&D
US0002050,ADMIN_50,%A%T1T7e!q
US0002051,ADMIN_51,$42s6BCk(*
US0002052,ADMIN_52,*56EZQdc9i
US0002053,ADMIN_53,(RUQMqjV@6
US0002054,ADMIN_54,rWBfrI#f_5
US0002055,ADMIN_55,0P3XQq2&*r
US0002056,ADMIN_56,KvgBeySz$3
US0002057,ADMIN_57,Qb4LvkeE)7
US0002058,ADMIN_58,%JVE8UGltK
US0002059,ADMIN_59,v8ZQF0mQ^Q
US0002060,ADMIN_60,$@o7qmIm&W
US0002061,ADMIN_61,Hs#&a7Vy()
US0002062,ADMIN_62,%&IA7CQIvy
US0002063,ADMIN_63,oT+!0qNxUB
US0002064,ADMIN_64,1X$w25Poq#
US0002065,ADMIN_65,a8HaFa2Q&U
US0002066,ADMIN_66,L3KGNTwr&^
US0002067,ADMIN_67,#@kQpRnL!1
US0002068,ADMIN_68,@C(qQh7^9p
US0002069,ADMIN_69,vN53s%Zg@W
US0002070,ADMIN_70,t18ua5eP!W
US0002071,ADMIN_71,EUj1kR$c+t
US0002072,ADMIN_72,e4Bnko(b)9
US0002073,ADMIN_73,$!Uobwq6)8
US0002074,ADMIN_74,&l2Stbw2xr
US0002075,ADMIN_75,$_Gd$J3o+8
US0002076,ADMIN_76,#)5G^_k+3D
US0002077,ADMIN_77,Sm61+Fcu4+
US0002078,ADMIN_78,Y3x(HX5g_a
US0002079,ADMIN_79,n*Cy5K6Ngq
US0002080,ADMIN_80,T$O9EGFcH(
US0002081,ADMIN_81,V)6VXda!5w
US0002082,ADMIN_82,q4avfFgv!N
US0002083,ADMIN_83,Z^qJuEpE+5
US0002084,ADMIN_84,HA90hkLtT@
US0002085,ADMIN_85,(h82EuYqt_
US0002086,ADMIN_86,&rTvqYW6k1
US0002087,ADMIN_87,F3NvL%zE@q
US0002088,ADMIN_88,!5FYdKcc8f
US0002089,ADMIN_89,i!OT6Xi2hy
US0002090,ADMIN_90,(ToDZvvms2
US0002091,ADMIN_91,jh5VyFkL(b
US0002092,ADMIN_92,bMDIc%H4)0
US0002093,ADMIN_93,5IUr!US)&@
US0002094,ADMIN_94,)8pWIjmWq3
US0002095,ADMIN_95,*5qC2drlu6
US0002096,ADMIN_96,HJ(reH@y%2
US0002097,ADMIN_97,*x76QXywF^
US0002098,ADMIN_98,%LsRw%s89Y
US0002099,ADMIN_99,9gVW_*%s#c
US0002100,ADMIN_100,BeX6N#dw_5
US0002101,ADMIN_101,!vOradPH9m
US0002102,ADMIN_102,3WKQtcyu$v
US0002103,ADMIN_103,TpCk1FfU%N
US0002104,ADMIN_104,@F3nTopYt&
US0002105,ADMIN_105,#Cp4KNf+Au
US0002106,ADMIN_106,1NOQT$He_q
US0002107,ADMIN_107,z2uV5UP$#X
US0002108,ADMIN_108,+CT^OBpyJ1
US0002109,ADMIN_109,&DFN1vKv86
US0002110,ADMIN_110,*3U3ezSX!2
US0002111,ADMIN_111,+5TX_w1r89
US0002112,ADMIN_112,!2P)g^5w&j
US0002113,ADMIN_113,&0LIIzEyqQ
US0002114,ADMIN_114,2A*uo2Wb&L
US0002115,ADMIN_115,*D*Kcc@go3
US0002116,ADMIN_116,zj1yxIBWM_
US0002117,ADMIN_117,!#1DflZRuU
US0002118,ADMIN_118,UH5_OTkp(+
US0002119,ADMIN_119,fPB1S*ccw+
US0002120,ADMIN_120,Q68&NQyh^f
US0002121,ADMIN_121,%Me9QgmPRQ
US0002122,ADMIN_122,1cr4zPwM$+
US0002123,ADMIN_123,A$(4DHf9b4
US0002124,ADMIN_124,(8DegCerg3
US0002125,ADMIN_125,x9GPuE#t@1
US0002126,ADMIN_126,A4DT^dfr%4
US0002127,ADMIN_127,*S)2Z^qP#Q
US0002128,ADMIN_128,&*ZVL^L^9d
US0002129,ADMIN_129,f_F3sTjqjJ
US0002130,ADMIN_130,!5*Q*_9iAa
US0002131,ADMIN_131,jms+5mN#R_
US0002132,ADMIN_132,#iAs7+fx)8
US0002133,ADMIN_133,ql$1OWjCtJ
US0002134,ADMIN_134,qm@72DQc_4
US0002135,ADMIN_135,L)H$1OJxOd
US0002136,ADMIN_136,7D9j^2Fz$*
US0002137,ADMIN_137,^xm3jR#ct1
US0002138,ADMIN_138,7zjI4m)7(O
US0002139,ADMIN_139,*fRI_1Hf(7
US0002140,ADMIN_140,F@6XXcT6(9
US0002141,ADMIN_141,#F#quqVf4j
US0002142,ADMIN_142,^2P6*IFs9F
US0002143,ADMIN_143,$D5WAIej+*
US0002144,ADMIN_144,qCB(3IAkk0
US0002145,ADMIN_145,sfTCfgq+#5
US0002146,ADMIN_146,tgo9Mzw8@T
US0002147,ADMIN_147,($3SmKmJRl
US0002148,ADMIN_148,+UWcL4Ut$O
US0002149,ADMIN_149,ND1kWqQZ&c
US0002150,ADMIN_150,dPXn3vOsL)
US0002151,ADMIN_151,)o216Mj5w@
US0002152,ADMIN_152,ty7*AYq*^@
US0002153,ADMIN_153,_2T9V^xe^D
US0002154,ADMIN_154,Xp5HXsn05%
US0002155,ADMIN_155,gVW_7Nj9M@
US0002156,ADMIN_156,J6*Hs#hv%R
US0002157,ADMIN_157,(0@wELIn%5
US0002158,ADMIN_158,L@k9JbT%Bm
US0002159,ADMIN_159,#EC5Ik2pz(
US0002160,ADMIN_160,^JDOpoKr7^
US0002161,ADMIN_161,PJB9X5zsU&
US0002162,ADMIN_162,B49eqFdp+1
US0002163,ADMIN_163,_e$U+yOI4O
US0002164,ADMIN_164,F8mKeWOm#H
US0002165,ADMIN_165,y0A6H2um_4
US0002166,ADMIN_166,)1cRp29pty
US0002167,ADMIN_167,egVFiqr#*0
US0002168,ADMIN_168,^8BOdo#EKE
US0002169,ADMIN_169,P44$7E+u%6
US0002170,ADMIN_170,(0QUiE+J+A
US0002171,ADMIN_171,#H*tHv7Y0A
US0002172,ADMIN_172,$nkfdpBw0Y
US0002173,ADMIN_173,!d$(Ix6qo2
US0002174,ADMIN_174,xDfNiuQa(0
US0002175,ADMIN_175,)8z^gXL(&b
US0002176,ADMIN_176,1868WxruD_
US0002177,ADMIN_177,)Lxx8Nwgj)
US0002178,ADMIN_178,K8Hhgn8T)j
US0002179,ADMIN_179,Zn1j8MC&N^
US0002180,ADMIN_180,#PYz$jAd9l
US0002181,ADMIN_181,K3C*ai(g+H
US0002182,ADMIN_182,Z8+4iZZyS%
US0002183,ADMIN_183,Z%v6yYJoB%
US0002184,ADMIN_184,f!$9Vjyp+@
US0002185,ADMIN_185,@_s1$nYt5y
US0002186,ADMIN_186,^Y39@DMaJZ
US0002187,ADMIN_187,3(14THZrq%
US0002188,ADMIN_188,!la^uPp358
US0002189,ADMIN_189,4b7$Aq6j@1
US0002190,ADMIN_190,!R7Dg*mQR5
US0002191,ADMIN_191,z$c8*TqNtJ
US0002192,ADMIN_192,0tDnNXn@#8
US0002193,ADMIN_193,*spSV9Nj7P
US0002194,ADMIN_194,4e$M9EIkCk
US0002195,ADMIN_195,)8TQjPfpm0
US0002196,ADMIN_196,#&q0Qwnh_7
US0002197,ADMIN_197,fd)0XMV#U*
US0002198,ADMIN_198,n&1#XXSvcA
US0002199,ADMIN_199,(6WIp7bGpd
US0002200,ADMIN_200,@60WsUErSw
US0002201,ADMIN_201,I@8BBHUpJv
US0002202,ADMIN_202,!$6PSeOI6i
US0002203,ADMIN_203,ckJjXW%@+5
US0002204,ADMIN_204,r&83VnioL#
US0002205,ADMIN_205,!VRYaPd#i3
US0002206,ADMIN_206,v4t9oC0y+S
US0002207,ADMIN_207,^_31Yt2bkX
US0002208,ADMIN_208,v_9a2Cl#)6
US0002209,ADMIN_209,#79OPj0Jkv
US0002210,ADMIN_210,YN8+ShPE+%
US0002211,ADMIN_211,#9uT$nTdqf
US0002212,ADMIN_212,@fCrcLsee8
US0002213,ADMIN_213,khMfB2#9+9
US0002214,ADMIN_214,*9%Nw8Vjqg
US0002215,ADMIN_215,$BS5Rqhh6J
US0002216,ADMIN_216,&mwwLHci5e
US0002217,ADMIN_217,^01V+Pld7k
US0002218,ADMIN_218,Un34NUcg#+
US0002219,ADMIN_219,CE)2E4iU^k
US0002220,ADMIN_220,Q)7KzpscfA
US0002221,ADMIN_221,$0@#2UXw5&
US0002222,ADMIN_222,f6KPAvfl$L
US0002223,ADMIN_223,_T1qpHoX&o
US0002224,ADMIN_224,^APAoa_d#5
US0002225,ADMIN_225,p%wd5STdRY
US0002226,ADMIN_226,z5uIPvOe#a
US0002227,ADMIN_227,tKRM40Ry@M
US0002228,ADMIN_228,m3%VrJak)z
US0002229,ADMIN_229,U!8hEDl9#8
US0002230,ADMIN_230,U@1K@(Fy5y
US0002231,ADMIN_231,Ofs^U0WqwQ
US0002232,ADMIN_232,!k7F1sX)35
US0002233,ADMIN_233,N*@A7ZKb2t
US0002234,ADMIN_234,0JPAC(Ui%p
US0002235,ADMIN_235,^319l5W&cT
US0002236,ADMIN_236,V*fu*2iHUG
US0002237,ADMIN_237,#SAhT%*30y
US0002238,ADMIN_238,&z4ZRvok7N
US0002239,ADMIN_239,#9pzXCJgoW
US0002240,ADMIN_240,a%61U*zyr)
US0002241,ADMIN_241,(p$4JqijDi
US0002242,ADMIN_242,ku)1yMex^_
US0002243,ADMIN_243,z5Q8RxBd@H
US0002244,ADMIN_244,(fk_F5SmN2
US0002245,ADMIN_245,$5w#LrynRG
US0002246,ADMIN_246,8B(S0AoCBx
US0002247,ADMIN_247,1!%4Af3btp
US0002248,ADMIN_248,)^*2J1xDTK
US0002249,ADMIN_249,e()1&Hni*5
US0002250,ADMIN_250,f@k1DpLg6T
US0002251,ADMIN_251,H1QKr7D(^d
US0002252,ADMIN_252,_5MQ2y_hM!
US0002253,ADMIN_253,o0m!NEsQ^8
US0002254,ADMIN_254,f8MUL!Dh_A
US0002255,ADMIN_255,XLn94DIs(*
US0002256,ADMIN_256,z8W7Oc&pF(
US0002257,ADMIN_257,4nEq!fFV(W
US0002258,ADMIN_258,Q3+YoH(o)C
US0002259,ADMIN_259,DB%3N8gph^
US0002260,ADMIN_260,T%0tL90blY
US0002261,ADMIN_261,@02NkG8tdR
US0002262,ADMIN_262,K3#0L_b)Q+
US0002263,ADMIN_263,_90nBvyshu
US0002264,ADMIN_264,JIUVygq4!1
US0002265,ADMIN_265,&7pJuLcprR
US0002266,ADMIN_266,E@y79mBbgF
US0002267,ADMIN_267,y2k4Ebzr$^
US0002268,ADMIN_268,_ZVRNUmnG3
US0002269,ADMIN_269,c+8JqZv6%G
US0002270,ADMIN_270,+5&ThF+MFE
US0002271,ADMIN_271,*NRtjIni7J
US0002272,ADMIN_272,!30R(FoO34
US0002273,ADMIN_273,)rE6HleBDn
US0002274,ADMIN_274,2AM8FYst9$
US0002275,ADMIN_275,#*xF7sHy^R
US0002276,ADMIN_276,0_TKvdSC_&
US0002277,ADMIN_277,)qCIdxafY2
US0002278,ADMIN_278,$YU3FvuE6x
US0002279,ADMIN_279,S_Dro1Ywgf
US0002280,ADMIN_280,_1XJO*N7qp
US0002281,ADMIN_281,Q2lX9#Xz+k
US0002282,ADMIN_282,$4xC^Kk!ZV
US0002283,ADMIN_283,C3L+q9Ig+S
US0002284,ADMIN_284,F968HmAk@e
US0002285,ADMIN_285,%XLNAjkZ45
US0002286,ADMIN_286,S1&xdc0M#k
US0002287,ADMIN_287,k0j1IBx0_4
US0002288,ADMIN_288,&3Vy6(u7x_
US0002289,ADMIN_289,#$60TZ4xoR
US0002290,ADMIN_290,(!4BnPcqfY
US0002291,ADMIN_291,i(5Pscop)X
US0002292,ADMIN_292,ITUer^Hx^9
US0002293,ADMIN_293,S&n8)TJncj
US0002294,ADMIN_294,81j4LGdT+m
US0002295,ADMIN_295,Un71ZTT@j)
US0002296,ADMIN_296,#+f4SoLiQ7
US0002297,ADMIN_297,$K4Tf$LNfv
US0002298,ADMIN_298,@yXjxKm6(0
US0002299,ADMIN_299,&H8Cjsk!BE
US0002300,ADMIN_300,_jKz90Zh*_
US0002301,ADMIN_301,T)+1Z%hd3+
US0002302,ADMIN_302,No(2SSj_R_
US0002303,ADMIN_303,CIEKDXaH&5
US0002304,ADMIN_304,_7@T+kLmhd
US0002305,ADMIN_305,&UYjKHvs)6
US0002306,ADMIN_306,&zH30YHdl)
US0002307,ADMIN_307,)6Hat)GU$e
US0002308,ADMIN_308,88O#Oh3K_4
US0002309,ADMIN_309,_SYg%2jUX5
US0002310,ADMIN_310,5U%yRw2vx#
US0002311,ADMIN_311,daCthfzJ!2
US0002312,ADMIN_312,5ncVBgUM^9
US0002313,ADMIN_313,(P2L_i^(ax
US0002314,ADMIN_314,_92NUfpM!h
US0002315,ADMIN_315,Tq%9Ohq7L%
US0002316,ADMIN_316,55gjm@Wn&J
US0002317,ADMIN_317,T!C7OmBsu+
US0002318,ADMIN_318,+U9KgEUd%5
US0002319,ADMIN_319,zg9N5G6cy$
US0002320,ADMIN_320,@0RDBx@M(C
US0002321,ADMIN_321,f19itYtV*&
US0002322,ADMIN_322,1eZ#VnNq*8
US0002323,ADMIN_323,B08_sYrw)i
US0002324,ADMIN_324,+ZvQTuff%2
US0002325,ADMIN_325,&96PVPYk)G
US0002326,ADMIN_326,$k+7CmTf*)
US0002327,ADMIN_327,%WRBaUUd#8
US0002328,ADMIN_328,O!+R3&kr_Y
US0002329,ADMIN_329,8D80GLmwi_
US0002330,ADMIN_330,(UU7W9srP6
US0002331,ADMIN_331,#6zv*%Bv$w
US0002332,ADMIN_332,_58)BV@n6L
US0002333,ADMIN_333,)7ybYzN3&!
US0002334,ADMIN_334,u+g9Ydrb^R
US0002335,ADMIN_335,*7T8+gzBHc
US0002336,ADMIN_336,@9M8BzfTim
US0002337,ADMIN_337,c3_6N#tc+s
US0002338,ADMIN_338,89kIuYvE(b
US0002339,ADMIN_339,u(Z45Sfgf*
US0002340,ADMIN_340,t$4c2B!w3Q
US0002341,ADMIN_341,+3X@gW33Oh
US0002342,ADMIN_342,x3lrWc$c+L
US0002343,ADMIN_343,(*Jk@yz^9x
US0002344,ADMIN_344,o2QrvWm^^I
US0002345,ADMIN_345,lv1UTGuZq@
US0002346,ADMIN_346,%+q7UwAlvN
US0002347,ADMIN_347,0GEI*y3G+6
US0002348,ADMIN_348,#esPh&Of2^
US0002349,ADMIN_349,@02mI%q#Q^
US0002350,ADMIN_350,nB+7AYsdFQ
US0002351,ADMIN_351,Ou6Y1pqfa@
US0002352,ADMIN_352,r*)8udPFmu
US0002353,ADMIN_353,*3yWVgLvda
US0002354,ADMIN_354,$m1P#&z!@G
US0002355,ADMIN_355,+g6VWE4i(R
US0002356,ADMIN_356,^JdPfltQ(2
US0002357,ADMIN_357,3pN*a$y@@+
US0002358,ADMIN_358,@M7_Msfj^x
US0002359,ADMIN_359,^ZtBZHc%h8
US0002360,ADMIN_360,oG_&4Yi&Yg
US0002361,ADMIN_361,^viI0WGl+f
US0002362,ADMIN_362,M2SL2fAy^g
US0002363,ADMIN_363,+l1Qa$Qa2S
US0002364,ADMIN_364,$!4wVMPf$3
US0002365,ADMIN_365,@((N%!^c*3
US0002366,ADMIN_366,abJq7Ayw@&
US0002367,ADMIN_367,1uxd0fOsx*
US0002368,ADMIN_368,$3hXw$NRDj
US0002369,ADMIN_369,_C96Enl8e9
US0002370,ADMIN_370,)MTG*Vqmq8
US0002371,ADMIN_371,^6KEPm6wX$
US0002372,ADMIN_372,s*8EcwQSxm
US0002373,ADMIN_373,l^9V8Wcs3*
US0002374,ADMIN_374,0grTuOo*)5
US0002375,ADMIN_375,B4MAEkof*i
US0002376,ADMIN_376,#bHUtQghV3
US0002377,ADMIN_377,Ee10IvUn*a
US0002378,ADMIN_378,^g1KJ&EzKR
US0002379,ADMIN_379,&_5fOOfl@k
US0002380,ADMIN_380,^UKHzan@I6
US0002381,ADMIN_381,Gqf36IxNF^
US0002382,ADMIN_382,No50I)Lf)o
US0002383,ADMIN_383,k2Pxbe1#_5
US0002384,ADMIN_384,(2XCx#m_0c
US0002385,ADMIN_385,kgK#b4dx+9
US0002386,ADMIN_386,@4oJwRkT7t
US0002387,ADMIN_387,qxPi8mJe!#
US0002388,ADMIN_388,!7LzM6ypA#
US0002389,ADMIN_389,Y0VOgzs5@f
US0002390,ADMIN_390,hJs4NNe@a!
US0002391,ADMIN_391,YQ!$2xLhO$
US0002392,ADMIN_392,6fogNKDu%g
US0002393,ADMIN_393,S92OcikS%x
US0002394,ADMIN_394,(kW*Gn_s2l
US0002395,ADMIN_395,P$4TbWQiNv
US0002396,ADMIN_396,PeWgmBv3+8
US0002397,ADMIN_397,D!02gJSiK#
US0002398,ADMIN_398,C)X6Bqsy&b
US0002399,ADMIN_399,_#6Rr9Uab3
US0002400,ADMIN_400,&rFLUx4pe2
US0002401,ADMIN_401,)08LDr3CjC
US0002402,ADMIN_402,m@4L^95lxK
US0002403,ADMIN_403,oTO7K+lt+Q
US0002404,ADMIN_404,%_6KAVu!kU
US0002405,ADMIN_405,AIR7DSLb_@
US0002406,ADMIN_406,MDt2ZQ(e!y
US0002407,ADMIN_407,h)fZ3AXi9y
US0002408,ADMIN_408,#$zhrO7q!3
US0002409,ADMIN_409,+lEjiiEg7p
US0002410,ADMIN_410,SQ6PB_i(_9
US0002411,ADMIN_411,!AbvTFk9W4
US0002412,ADMIN_412,0JRlyxjh#z
US0002413,ADMIN_413,1i6DkvVzW&
US0002414,ADMIN_414,Do^1Mqg(#u
US0002415,ADMIN_415,rP8Jiraf$r
US0002416,ADMIN_416,%nYCtQ63d5
US0002417,ADMIN_417,HzKHn*Xu#8
US0002418,ADMIN_418,IolZAOHY!4
US0002419,ADMIN_419,!38pHo%p5Q
US0002420,ADMIN_420,()H+7GpcsM
US0002421,ADMIN_421,E#XG%3KlCB
US0002422,ADMIN_422,o!oY06EkpA
US0002423,ADMIN_423,jf7ZgJV%m+
US0002424,ADMIN_424,pr(15PQdp#
US0002425,ADMIN_425,0qg1L2_3$7
US0002426,ADMIN_426,o0o41Y%(_f
US0002427,ADMIN_427,Ul_d@ZWm+7
US0002428,ADMIN_428,JlieMILo!1
US0002429,ADMIN_429,T#0ESnX6f1
US0002430,ADMIN_430,%z4GyoXl)Y
US0002431,ADMIN_431,$p13iU)fsw
US0002432,ADMIN_432,)7UD08m!Mr
US0002433,ADMIN_433,q9AXTM^E)$
US0002434,ADMIN_434,1^OUyM*O%r
US0002435,ADMIN_435,oJ4LiyZjo!
US0002436,ADMIN_436,)QVJ1*d19^
US0002437,ADMIN_437,XSg3P7z_(L
US0002438,ADMIN_438,^1MIB%Wfvn
US0002439,ADMIN_439,+r91LXyh%z
US0002440,ADMIN_440,A4vu8Nci%Z
US0002441,ADMIN_441,0%TA0SIk%p
US0002442,ADMIN_442,Vqmk0WHeF+
US0002443,ADMIN_443,)#KG7LTjIa
US0002444,ADMIN_444,5xAy58yw!7
US0002445,ADMIN_445,cd9Ut(vt!8
US0002446,ADMIN_446,+6SSyqizl_
US0002447,ADMIN_447,j2&k1A4jXS
US0002448,ADMIN_448,NoSl8CWj*0
US0002449,ADMIN_449,$eD8iufK8F
US0002450,ADMIN_450,Du2)Qztsw!
US0002451,ADMIN_451,+S7EqSen_h
US0002452,ADMIN_452,9(WN2(Qs@_
US0002453,ADMIN_453,*9*w@Z!EdU
US0002454,ADMIN_454,M1JAj^LM(7
US0002455,ADMIN_455,&jrOLcfa5W
US0002456,ADMIN_456,7OTb9@Ar_b
US0002457,ADMIN_457,+6_F)YevdR
US0002458,ADMIN_458,PSD5KPg$%*
US0002459,ADMIN_459,jM0bJ06o%t
US0002460,ADMIN_460,FE!3yPw95X
US0002461,ADMIN_461,()i5XUiGHJ
US0002462,ADMIN_462,CrBlUNn3*6
US0002463,ADMIN_463,kiHGRirS^7
US0002464,ADMIN_464,NS1z0Mdo(l
US0002465,ADMIN_465,O*1+I&#r%#
US0002466,ADMIN_466,IES13uDdP*
US0002467,ADMIN_467,0mYU#6zM*6
US0002468,ADMIN_468,8F&8Tcf%KJ
US0002469,ADMIN_469,v3vS7okO(e
US0002470,ADMIN_470,awkW$)AM!1
US0002471,ADMIN_471,SMa3Kc%*l(
US0002472,ADMIN_472,p(7tpFZg7u
US0002473,ADMIN_473,M&9SA6xvqt
US0002474,ADMIN_474,A@5#E0YeD#
US0002475,ADMIN_475,te^rmR3w$7
US0002476,ADMIN_476,b!8_3jWyfm
US0002477,ADMIN_477,)@I5LQ0syg
US0002478,ADMIN_478,D)8uLihmN%
US0002479,ADMIN_479,#774fP0q(J
US0002480,ADMIN_480,e1#HcaH1_v
US0002481,ADMIN_481,c4viLSaR)6
US0002482,ADMIN_482,#!FjJhulv7
US0002483,ADMIN_483,e*p0Ux95nT
US0002484,ADMIN_484,&MRF6OyxJ6
US0002485,ADMIN_485,$#8iYgG7DU
US0002486,ADMIN_486,&7LOLV)w^&
US0002487,ADMIN_487,*8%lNj)o)Y
US0002488,ADMIN_488,SA0JdYht&^
US0002489,ADMIN_489,(9ZHtjy^$7
US0002490,ADMIN_490,ChP9HVNgy!
US0002491,ADMIN_491,v_8CF1GhHo
US0002492,ADMIN_492,+894PmEB@h
US0002493,ADMIN_493,4j1($Qpxv@
US0002494,ADMIN_494,&1(TvZn)Fp
US0002495,ADMIN_495,(8i5VTz6pG
US0002496,ADMIN_496,U82WbK!U@7
US0002497,ADMIN_497,^xUo7vkm98
US0002498,ADMIN_498,%kIV1*9a39
US0002499,ADMIN_499,)1ftPRRi01
US0002500,ADMIN_500,@8BL*1jy%7
